Id,Position,First Name,Nickname,Last Name,FPPG,Played,Salary,Game,Team,Opponent,Injury Indicator,Injury Details,Tier,Probable Pitcher,Batting Order,Roster Position
61809-82554,P,Shane,Shane Bieber,Bieber,46.357142857142854,14,12000,CLE@HOU,CLE,HOU,IL,Shoulder,,,0,P
61809-52859,P,Jacob,Jacob deGrom,deGrom,50.375,16,12000,NYM@CIN,NYM,CIN,IL,Forearm,,,0,P
61809-16931,P,Yu,Yu Darvish,Darvish,36.888888888888886,18,11200,SD@ATL,SD,ATL,,,,Yes,,P
61809-16959,P,Trevor,Trevor Bauer,Bauer,43.8235294117647,17,11000,SF@LAD,LAD,SF,O,Not injury related,,,,P
61809-5427,P,Clayton,Clayton Kershaw,Kershaw,33.9,20,11000,SF@LAD,LAD,SF,IL,Forearm,,,,P
61809-52183,P,Tyler,Tyler Glasnow,Glasnow,44.357142857142854,14,10800,BAL@TB,TB,BAL,IL,Elbow,,,0,P
61809-38000,P,Kevin,Kevin Gausman,Gausman,43.72222222222222,18,10600,SF@LAD,SF,LAD,,,,Yes,,P
61809-119441,P,Alek,Alek Manoah,Manoah,33.25,8,10300,BOS@TOR,TOR,BOS,DTD,Back,,,0,P
61809-82440,P,Shohei,Shohei Ohtani,Ohtani,4.8,90,10200,LAA@OAK,LAA,OAK,,,,Yes,,P
61809-5481,P,Max,Max Scherzer,Scherzer,40.22222222222222,18,10200,MIA@WSH,WSH,MIA,,,,,0,P
61809-79246,P,Jack,Jack Flaherty,Flaherty,36.63636363636363,11,10100,CHC@STL,STL,CHC,IL,Oblique,,,0,P
61809-52172,P,Noah,Noah Syndergaard,Syndergaard,,,10000,NYM@CIN,NYM,CIN,IL,Elbow,,,0,P
61809-5202,P,Justin,Justin Verlander,Verlander,43,1,10000,CLE@HOU,HOU,CLE,IL,Elbow,,,0,P
61809-53607,P,Anthony,Anthony DeSclafani,DeSclafani,29.454545454545453,22,9900,SF@LAD,SF,LAD,,,,,,P
61809-53067,P,Chris,Chris Bassitt,Bassitt,36.35,20,9900,LAA@OAK,OAK,LAA,,,,,,P
61809-37014,P,Hyun Jin,Hyun Jin Ryu,Ryu,30.27777777777778,18,9800,BOS@TOR,TOR,BOS,,,,,0,P
61809-53398,P,Kyle,Kyle Hendricks,Hendricks,30.42105263157895,19,9800,CHC@STL,CHC,STL,,,,,0,P
61809-53029,P,Robbie,Robbie Ray,Ray,40.611111111111114,18,9800,BOS@TOR,TOR,BOS,,,,,0,P
61809-82594,P,Dustin,Dustin May,May,33.4,5,9700,SF@LAD,LAD,SF,IL,Elbow,,,,P
61809-82607,P,Trevor,Trevor Rogers,Rogers,35.26315789473684,19,9700,MIA@WSH,MIA,WSH,,,,,0,P
61809-52159,P,Lance,Lance McCullers Jr.,McCullers Jr.,36.666666666666664,15,9700,CLE@HOU,HOU,CLE,,,,,0,P
61809-12477,P,Chris,Chris Sale,Sale,,,9500,BOS@TOR,BOS,TOR,IL,Elbow,,,0,P
61809-110822,P,Jose,Jose Urquidy,Urquidy,29.071428571428573,14,9500,CLE@HOU,HOU,CLE,IL,Shoulder,,,0,P
61809-21097,P,Taijuan,Taijuan Walker,Walker,28.555555555555557,18,9500,NYM@CIN,NYM,CIN,,,,,0,P
61809-10978,P,Stephen,Stephen Strasburg,Strasburg,21,5,9500,MIA@WSH,WSH,MIA,IL,Neck,,,0,P
61809-52165,P,Sean,Sean Manaea,Manaea,33.1578947368421,19,9500,LAA@OAK,OAK,LAA,,,,,,P
61809-135212,P,Luis,Luis Garcia,Garcia,30.352941176470587,17,9400,CLE@HOU,HOU,CLE,,,,,0,P
61809-13233,P,Nathan,Nathan Eovaldi,Eovaldi,31.36842105263158,19,9400,BOS@TOR,BOS,TOR,,,,,0,P
61809-83152,P,Pablo,Pablo Lopez,Lopez,30.2,20,9300,MIA@WSH,MIA,WSH,IL,Shoulder,,,0,P
61809-12972,P,Wade,Wade Miley,Miley,28.055555555555557,18,9200,NYM@CIN,CIN,NYM,,,,,0,P
61809-79168,P,Walker,Walker Buehler,Buehler,39.89473684210526,19,9200,SF@LAD,LAD,SF,,,,,,P
61809-39041,P,Marcus,Marcus Stroman,Stroman,28.842105263157894,19,9100,NYM@CIN,NYM,CIN,,,,,0,P
61809-12936,P,Kyle,Kyle Gibson,Gibson,33.88235294117647,17,9100,TEX@DET,TEX,DET,,,,Yes,,P
61809-102335,P,Cristian,Cristian Javier,Javier,23.210526315789473,19,9100,CLE@HOU,HOU,CLE,,,,,0,P
61809-6266,P,Carlos,Carlos Carrasco,Carrasco,36.5,12,9000,NYM@CIN,NYM,CIN,IL,Hamstring,,,0,P
61809-82540,P,Tanner,Tanner Houck,Houck,17.5,4,9000,BOS@TOR,BOS,TOR,,,,,0,P
61809-79245,P,Sandy,Sandy Alcantara,Alcantara,31.35,20,9000,MIA@WSH,MIA,WSH,,,,,0,P
61809-52166,P,Julio,Julio Urias,Urias,35.21052631578947,19,8900,SF@LAD,LAD,SF,,,,,,P
61809-63781,P,Frankie,Frankie Montas,Montas,30.789473684210527,19,8800,LAA@OAK,OAK,LAA,,,,,,P
61809-13123,P,Alex,Alex Cobb,Cobb,30,14,8800,LAA@OAK,LAA,OAK,,,,,0,P
61809-52167,P,Andrew,Andrew Heaney,Heaney,27.3125,16,8800,LAA@OAK,LAA,OAK,,,,,0,P
61809-79109,P,Tyler,Tyler Mahle,Mahle,32.10526315789474,19,8800,NYM@CIN,CIN,NYM,,,,,0,P
61809-5431,P,Adam,Adam Wainwright,Wainwright,31.42105263157895,19,8800,CHC@STL,STL,CHC,,,,,0,P
61809-85599,P,Framber,Framber Valdez,Valdez,33.8,10,8800,CLE@HOU,HOU,CLE,,,,,0,P
61809-38028,P,Alex,Alex Wood,Wood,32.333333333333336,15,8700,SF@LAD,SF,LAD,,,,,,P
61809-152734,P,Zach,Zach Thompson,Thompson,30.833333333333332,6,8700,MIA@WSH,MIA,WSH,,,,,0,P
61809-5466,P,Charlie,Charlie Morton,Morton,31.8,20,8700,SD@ATL,ATL,SD,,,,,0,P
61809-79280,P,Jesus,Jesus Luzardo,Luzardo,12.538461538461538,13,8700,LAA@OAK,OAK,LAA,,,,,,P
61809-17064,P,Sonny,Sonny Gray,Gray,31.153846153846153,13,8600,NYM@CIN,CIN,NYM,,,,,0,P
61809-5522,P,Zack,Zack Greinke,Greinke,29,19,8600,CLE@HOU,HOU,CLE,,,,Yes,,P
61809-70559,P,Mike,Mike Clevinger,Clevinger,29.625,8,8500,SD@ATL,SD,ATL,IL,Elbow,,,0,P
61809-97300,P,John,John Means,Means,34.833333333333336,12,8500,BAL@TB,BAL,TB,IL,Shoulder,,,0,P
61809-5498,P,Johnny,Johnny Cueto,Cueto,26.666666666666668,15,8500,SF@LAD,SF,LAD,,,,,,P
61809-68536,P,James,James Kaprielian,Kaprielian,33.45454545454545,11,8400,LAA@OAK,OAK,LAA,,,,,,P
61809-52185,P,Max,Max Fried,Fried,25.41176470588235,17,8400,SD@ATL,ATL,SD,,,,,0,P
61809-38311,P,Ross,Ross Stripling,Stripling,25.066666666666666,15,8400,BOS@TOR,TOR,BOS,,,,Yes,,P
61809-101804,P,Huascar,Huascar Ynoa,Ynoa,31,9,8400,SD@ATL,ATL,SD,IL,Hand,,,0,P
61809-79078,P,Ian,Ian Anderson,Anderson,29.842105263157894,19,8300,SD@ATL,ATL,SD,IL,Shoulder,,,0,P
61809-119340,P,Tarik,Tarik Skubal,Skubal,27.88888888888889,18,8200,TEX@DET,DET,TEX,,,,,0,P
61809-68488,P,Blake,Blake Snell,Snell,24,17,8200,SD@ATL,SD,ATL,,,,,0,P
61809-68523,P,Joe,Joe Musgrove,Musgrove,24.68,25,8200,SD@ATL,SD,ATL,,,,,0,P
61809-85269,P,Cole,Cole Irvin,Irvin,27.5,18,8200,LAA@OAK,OAK,LAA,,,,Yes,,P
61809-101839,P,Logan,Logan Webb,Webb,24.76923076923077,13,8200,SF@LAD,SF,LAD,,,,,,P
61809-85253,P,Casey,Casey Mize,Mize,27.823529411764707,17,8100,TEX@DET,DET,TEX,,,,Yes,,P
61809-82557,P,Aaron,Aaron Civale,Civale,33.4,15,8000,CLE@HOU,CLE,HOU,IL,Finger,,,0,P
61809-17087,P,Drew,Drew Smyly,Smyly,21.57894736842105,19,8000,SD@ATL,ATL,SD,,,,,0,P
61809-68518,P,Spencer,Spencer Turnbull,Turnbull,30.444444444444443,9,8000,TEX@DET,DET,TEX,IL,Forearm,,,0,P
61809-79073,P,Mike,Mike Soroka,Soroka,17,3,8000,SD@ATL,ATL,SD,IL,Achilles,,,0,P
61809-79162,P,Luis,Luis Castillo,Castillo,26.45,20,8000,NYM@CIN,CIN,NYM,,,,,0,P
61809-102407,P,Shane,Shane McClanahan,McClanahan,26,13,7900,BAL@TB,TB,BAL,,,,,0,P
61809-101881,P,Merrill,Merrill Kelly,Kelly,26.9,20,7900,PIT@ARI,ARI,PIT,,,,,0,P
61809-104584,P,Zach,Zach Plesac,Plesac,24.916666666666668,12,7800,CLE@HOU,CLE,HOU,,,,,0,P
61809-17116,P,Jake,Jake Odorizzi,Odorizzi,20.333333333333332,12,7800,CLE@HOU,HOU,CLE,,,,,0,P
61809-52174,P,Steven,Steven Matz,Matz,27.5,16,7800,BOS@TOR,TOR,BOS,,,,,0,P
61809-79076,P,Kolby,Kolby Allard,Allard,16.789473684210527,19,7800,TEX@DET,TEX,DET,,,,,0,P
61809-79951,P,Nick,Nick Pivetta,Pivetta,30.88888888888889,18,7700,BOS@TOR,BOS,TOR,,,,Yes,,P
61809-102498,P,Patrick,Patrick Sandoval,Sandoval,25.846153846153847,13,7700,LAA@OAK,LAA,OAK,,,,,0,P
61809-82618,P,David,David Peterson,Peterson,20,16,7700,NYM@CIN,NYM,CIN,IL,Oblique,,,0,P
61809-71034,P,Seth,Seth Lugo,Lugo,5.444444444444445,18,7700,NYM@CIN,NYM,CIN,,,,,0,P
61809-12306,P,Jake,Jake Arrieta,Arrieta,17.27777777777778,18,7600,CHC@STL,CHC,STL,IL,Hamstring,,,0,P
61809-68564,P,Erick,Erick Fedde,Fedde,21.214285714285715,14,7600,MIA@WSH,WSH,MIA,,,,,0,P
61809-118180,P,Tucker,Tucker Davidson,Davidson,24.5,4,7600,SD@ATL,ATL,SD,IL,Forearm,,,0,P
61809-80433,P,Dinelson,Dinelson Lamet,Lamet,18.9,10,7500,SD@ATL,SD,ATL,IL,Forearm,,,0,P
61809-82535,P,Kyle,Kyle Wright,Wright,8,2,7500,SD@ATL,ATL,SD,,,,,0,P
61809-79103,P,Dane,Dane Dunning,Dunning,23.941176470588236,17,7500,TEX@DET,TEX,DET,,,,,0,P
61809-85251,P,Zac,Zac Gallen,Gallen,26.2,10,7500,PIT@ARI,ARI,PIT,,,,,0,P
61809-79254,P,Dakota,Dakota Hudson,Hudson,25.5,8,7500,CHC@STL,STL,CHC,IL,Elbow,,,0,P
61809-118411,P,Kwang Hyun,Kwang Hyun Kim,Kim,24.125,16,7500,CHC@STL,STL,CHC,,,,,0,P
61809-102343,P,Tony,Tony Gonsolin,Gonsolin,19.625,8,7500,SF@LAD,LAD,SF,,,,Yes,,P
61809-6311,P,Madison,Madison Bumgarner,Bumgarner,21.6,15,7400,PIT@ARI,ARI,PIT,,,,,0,P
61809-82546,P,Adbert,Adbert Alzolay,Alzolay,24.11764705882353,17,7400,CHC@STL,CHC,STL,,,,,0,P
61809-68485,P,Ryan,Ryan Yarbrough,Yarbrough,24.666666666666668,18,7400,BAL@TB,TB,BAL,,,,Yes,,P
61809-52142,P,Eduardo,Eduardo Rodriguez,Rodriguez,28.833333333333332,18,7400,BOS@TOR,BOS,TOR,,,,,0,P
61809-37999,P,Michael,Michael Wacha,Wacha,16.5,16,7400,BAL@TB,TB,BAL,,,,,0,P
61809-52873,P,Joe,Joe Ross,Ross,26.444444444444443,18,7400,MIA@WSH,WSH,MIA,IL,Elbow,,,0,P
61809-5983,P,Rich,Rich Hill,Hill,25.894736842105264,19,7400,BAL@TB,TB,BAL,,,,,0,P
61809-13258,P,Wily,Wily Peralta,Peralta,23.857142857142858,7,7300,TEX@DET,DET,TEX,,,,,0,P
61809-79224,P,Chris,Chris Paddack,Paddack,20.789473684210527,19,7300,SD@ATL,SD,ATL,,,,,0,P
61809-65988,P,Zach,Zach Davies,Davies,19.15,20,7200,CHC@STL,CHC,STL,,,,,0,P
61809-12929,P,Jordan,Jordan Lyles,Lyles,22.210526315789473,19,7200,TEX@DET,TEX,DET,,,,,0,P
61809-79107,P,Vladimir,Vladimir Gutierrez,Gutierrez,25.666666666666668,9,7200,NYM@CIN,CIN,NYM,,,,Yes,,P
61809-38272,P,Mike,Mike Foltynewicz,Foltynewicz,19.36842105263158,19,7200,TEX@DET,TEX,DET,,,,,0,P
61809-63136,P,Matthew,Matthew Boyd,Boyd,26.23076923076923,13,7200,TEX@DET,DET,TEX,IL,Triceps,,,0,P
61809-141024,P,Bruce,Bruce Zimmermann,Zimmermann,22.833333333333332,12,7200,BAL@TB,BAL,TB,IL,Biceps,,,0,P
61809-102395,P,Ryan,Ryan Weathers,Weathers,14.944444444444445,18,7100,SD@ATL,SD,ATL,IL,Ankle,,,0,P
61809-17121,P,Miles,Miles Mikolas,Mikolas,18,1,7000,CHC@STL,STL,CHC,IL,Forearm,,,0,P
61809-68484,P,Chad,Chad Kuhl,Kuhl,21.416666666666668,12,7000,PIT@ARI,PIT,ARI,,,,,0,P
61809-68528,P,Chase,Chase De Jong,De Jong,16.555555555555557,9,7000,PIT@ARI,PIT,ARI,,,,Yes,,P
61809-68654,P,John,John Gant,Gant,15.476190476190476,21,7000,CHC@STL,STL,CHC,,,,,0,P
61809-81051,P,Caleb,Caleb Smith,Smith,13.666666666666666,27,7000,PIT@ARI,ARI,PIT,,,,Yes,,P
61809-85265,P,Taylor,Taylor Widener,Widener,25,6,7000,PIT@ARI,ARI,PIT,,,,,0,P
61809-13664,P,Patrick,Patrick Corbin,Corbin,22.555555555555557,18,7000,MIA@WSH,WSH,MIA,,,,,0,P
61809-82534,P,Bryse,Bryse Wilson,Wilson,18.666666666666668,6,6900,SD@ATL,ATL,SD,,,,,0,P
61809-68561,P,Luke,Luke Weaver,Weaver,24.25,8,6900,PIT@ARI,ARI,PIT,IL,Shoulder,,,0,P
61809-79228,P,Cal,Cal Quantrill,Quantrill,10,27,6900,CLE@HOU,CLE,HOU,,,,,0,P
61809-12918,P,Julio,Julio Teheran,Teheran,27,1,6800,TEX@DET,DET,TEX,IL,Shoulder,,,0,P
61809-82582,P,Griffin,Griffin Canning,Canning,18.6875,16,6800,LAA@OAK,LAA,OAK,IL,Back,,,0,P
61809-146130,P,Kohei,Kohei Arihara,Arihara,12.285714285714286,7,6800,TEX@DET,TEX,DET,IL,Shoulder,,,0,P
61809-82810,P,Elieser,Elieser Hernandez,Hernandez,20,2,6800,MIA@WSH,MIA,WSH,IL,Quadriceps,,,0,P
61809-68483,P,Trevor,Trevor Williams,Williams,21.545454545454547,11,6800,CHC@STL,CHC,STL,,,,,0,P
61809-52194,P,Aaron,Aaron Sanchez,Sanchez,22.166666666666668,6,6800,SF@LAD,SF,LAD,IL,Biceps,,,,P
61809-101838,P,JT,JT Brubaker,Brubaker,25.555555555555557,18,6800,PIT@ARI,PIT,ARI,,,,,0,P
61809-135191,P,Josh,Josh Fleming,Fleming,19.933333333333334,15,6700,BAL@TB,TB,BAL,,,,,0,P
61809-12455,P,Josh,Josh Tomlin,Tomlin,4.793103448275862,29,6700,SD@ATL,ATL,SD,,,,,0,P
61809-152888,P,Sammy,Sammy Long,Long,22.4,5,6700,SF@LAD,SF,LAD,IL,Back,,,,P
61809-102287,P,Kyle,Kyle Muller,Muller,22.6,5,6700,SD@ATL,ATL,SD,,,,Yes,,P
61809-60627,P,Touki,Touki Toussaint,Toussaint,13.571428571428571,7,6600,SD@ATL,ATL,SD,,,,,0,P
61809-79259,P,Jake,Jake Faria,Faria,10.714285714285714,7,6600,PIT@ARI,ARI,PIT,,,,,0,P
61809-12921,P,Chris,Chris Archer,Archer,11,2,6500,BAL@TB,TB,BAL,IL,Forearm,,,0,P
61809-68527,P,Jose,Jose De Leon,De Leon,11.444444444444445,9,6500,NYM@CIN,CIN,NYM,,,,,0,P
61809-154714,P,Tylor,Tylor Megill,Megill,27.8,5,6500,NYM@CIN,NYM,CIN,,,,,0,P
61809-79118,P,Triston,Triston McKenzie,McKenzie,22.666666666666668,12,6500,CLE@HOU,CLE,HOU,,,,,0,P
61809-5784,P,David,David Price,Price,7.88,25,6500,SF@LAD,LAD,SF,,,,,,P
61809-155315,P,Spenser,Spenser Watkins,Watkins,16.333333333333332,3,6500,BAL@TB,BAL,TB,,,,Yes,,P
61809-12934,P,Tyler,Tyler Chatwood,Chatwood,4.5,30,6400,BOS@TOR,TOR,BOS,IL,Neck,,,0,P
61809-82636,P,Joey,Joey Lucchesi,Lucchesi,17,11,6400,NYM@CIN,NYM,CIN,IL,Elbow,,,0,P
61809-70561,P,Alec,Alec Mills,Mills,11.105263157894736,19,6400,CHC@STL,CHC,STL,,,,Yes,,P
61809-52169,P,Kohl,Kohl Stewart,Stewart,14,4,6400,CHC@STL,CHC,STL,IL,Elbow,,,0,P
61809-13444,P,Mike,Mike Fiers,Fiers,11.5,2,6400,LAA@OAK,OAK,LAA,IL,Elbow,,,,P
61809-60656,P,Jeff,Jeff Hoffman,Hoffman,18.09090909090909,11,6400,NYM@CIN,CIN,NYM,IL,Shoulder,,,0,P
61809-102447,P,Dean,Dean Kremer,Kremer,14.333333333333334,12,6300,BAL@TB,BAL,TB,,,,,0,P
61809-39686,P,Carlos,Carlos Martinez,Martinez,18.6875,16,6300,CHC@STL,STL,CHC,IL,Thumb,,,0,P
61809-79071,P,Taylor,Taylor Clarke,Clarke,5.366666666666666,30,6300,PIT@ARI,ARI,PIT,IL,Shoulder,,,0,P
61809-52728,P,Michael,Michael Lorenzen,Lorenzen,9,1,6300,NYM@CIN,CIN,NYM,IL,Hamstring,,,0,P
61809-102574,P,Jake,Jake Woodford,Woodford,6.235294117647059,17,6200,CHC@STL,STL,CHC,,,,Yes,,P
61809-84476,P,Daniel,Daniel Ponce de Leon,Ponce de Leon,4.294117647058823,17,6200,CHC@STL,STL,CHC,IL,Shoulder,,,0,P
61809-21099,P,Jose,Jose Quintana,Quintana,13.6875,16,6200,LAA@OAK,LAA,OAK,,,,,0,P
61809-79155,P,Jaime,Jaime Barria,Barria,0,2,6200,LAA@OAK,LAA,OAK,,,,,0,P
61809-79201,P,Anthony,Anthony Kay,Kay,16.9,10,6200,BOS@TOR,TOR,BOS,,,,,0,P
61809-38246,P,Tyler,Tyler Anderson,Anderson,26.176470588235293,17,6200,PIT@ARI,PIT,ARI,,,,,0,P
61809-71188,P,Steven,Steven Brault,Brault,18.90909090909091,11,6200,PIT@ARI,PIT,ARI,IL,Lat,,,0,P
61809-5764,P,Derek,Derek Holland,Holland,4.0588235294117645,17,6200,TEX@DET,DET,TEX,,,,,0,P
61809-80409,P,Paolo,Paolo Espino,Espino,9.142857142857142,21,6100,MIA@WSH,WSH,MIA,,,,,0,P
61809-15221,P,Tommy,Tommy Milone,Milone,11.5,6,6100,BOS@TOR,TOR,BOS,IL,Shoulder,,,0,P
61809-66765,P,Jorge,Jorge Lopez,Lopez,19.31578947368421,19,6100,BAL@TB,BAL,TB,,,,,0,P
61809-38101,P,Tanner,Tanner Roark,Roark,7,3,6100,SD@ATL,ATL,SD,,,,,0,P
61809-79209,P,A.J.,A.J. Puk,Puk,22,1,6100,LAA@OAK,OAK,LAA,,,,,,P
61809-79276,P,T.J.,T.J. Zeuch,Zeuch,7.2,5,6100,BOS@TOR,TOR,BOS,,,,,0,P
61809-102484,P,Brandon,Brandon Bielak,Bielak,6.619047619047619,21,6000,CLE@HOU,HOU,CLE,,,,,0,P
61809-16957,P,Dylan,Dylan Bundy,Bundy,15.277777777777779,18,6000,LAA@OAK,LAA,OAK,,,,,0,P
61809-72265,P,Matt,Matt Strahm,Strahm,4.684210526315789,19,6000,SD@ATL,SD,ATL,IL,Knee,,,0,P
61809-82656,P,Nate,Nate Pearson,Pearson,-2,1,6000,BOS@TOR,TOR,BOS,IL,Groin,,,0,P
61809-68490,P,Austin,Austin Voth,Voth,6.833333333333333,30,6000,MIA@WSH,WSH,MIA,,,,,0,P
61809-82840,P,Yonny,Yonny Chirinos,Chirinos,18.333333333333332,3,6000,BAL@TB,TB,BAL,IL,Elbow,,,0,P
61809-68551,P,Tyler,Tyler Beede,Beede,0,1,6000,SF@LAD,SF,LAD,,,,,,P
61809-11328,P,Martin,Martin Perez,Perez,22.05263157894737,19,6000,BOS@TOR,BOS,TOR,,,,,0,P
61809-79067,P,Alex,Alex Young,Young,5.466666666666667,30,6000,PIT@ARI,ARI,PIT,,,,,0,P
61809-79123,P,Tyler,Tyler Alexander,Alexander,6.777777777777778,27,6000,TEX@DET,DET,TEX,,,,,0,P
61809-38164,P,Jimmy,Jimmy Nelson,Nelson,7.68,25,6000,SF@LAD,LAD,SF,IL,Back,,,,P
61809-85531,P,Josh,Josh James,James,6.076923076923077,13,6000,CLE@HOU,HOU,CLE,IL,Hamstring,,,0,P
61809-118392,P,Rony,Rony Garcia,Garcia,7,2,6000,TEX@DET,DET,TEX,IL,Knee,,,0,P
61809-102474,P,Eli,Eli Morgan,Morgan,16.666666666666668,6,5900,CLE@HOU,CLE,HOU,,,,,0,P
61809-149886,P,Cody,Cody Poteet,Poteet,19.125,8,5900,MIA@WSH,MIA,WSH,IL,Knee,,,0,P
61809-82634,P,Logan,Logan Allen,Allen,6.714285714285714,7,5900,CLE@HOU,CLE,HOU,,,,,0,P
61809-13019,P,Garrett,Garrett Richards,Richards,21.666666666666668,18,5900,BOS@TOR,BOS,TOR,,,,,0,P
61809-82657,P,Wil,Wil Crowe,Crowe,16.214285714285715,14,5900,PIT@ARI,PIT,ARI,,,,,0,P
61809-68505,P,Carson,Carson Fulmer,Fulmer,4.6,20,5900,NYM@CIN,CIN,NYM,,,,,0,P
61809-60637,P,Sean,Sean Newcomb,Newcomb,5.25,24,5900,SD@ATL,ATL,SD,,,,,0,P
61809-79180,P,Cody,Cody Ponce,Ponce,6.666666666666667,3,5900,PIT@ARI,PIT,ARI,,,,,0,P
61809-79227,P,Adrian,Adrian Morejon,Morejon,8.5,2,5900,SD@ATL,SD,ATL,IL,Elbow,,,0,P
61809-101819,P,Jose,Jose Suarez,Suarez,18.363636363636363,11,5900,LAA@OAK,LAA,OAK,,,,,0,P
61809-135236,P,Max,Max Kranick,Kranick,22.5,2,5800,PIT@ARI,PIT,ARI,,,,,0,P
61809-145622,P,Matt,Matt Peacock,Peacock,9.227272727272727,22,5800,PIT@ARI,ARI,PIT,,,,,0,P
61809-39127,P,Jerad,Jerad Eickhoff,Eickhoff,11.2,5,5800,NYM@CIN,NYM,CIN,,,,Yes,,P
61809-68469,P,Adam,Adam Plutko,Plutko,6,32,5800,BAL@TB,BAL,TB,,,,,0,P
61809-68520,P,Michael,Michael Fulmer,Fulmer,9.25,24,5800,TEX@DET,DET,TEX,IL,Neck,,,0,P
61809-5369,P,Jon,Jon Lester,Lester,13.6875,16,5800,MIA@WSH,WSH,MIA,,,,Yes,,P
61809-23834,P,Collin,Collin McHugh,McHugh,12.5,22,5800,BAL@TB,TB,BAL,,,,,0,P
61809-79217,P,Mitch,Mitch Keller,Keller,16.833333333333332,12,5800,PIT@ARI,PIT,ARI,,,,,0,P
61809-101814,P,Sam,Sam Hentges,Hentges,9.933333333333334,15,5800,CLE@HOU,CLE,HOU,,,,,0,P
61809-5599,P,Trevor,Trevor Cahill,Cahill,15.11111111111111,9,5800,PIT@ARI,PIT,ARI,IL,Calf,,,0,P
61809-147155,P,Hyeon-Jong,Hyeon-Jong Yang,Yang,11.25,8,5800,TEX@DET,TEX,DET,,,,,0,P
61809-135226,P,Wes,Wes Benjamin,Benjamin,5.714285714285714,7,5700,TEX@DET,TEX,DET,,,,,0,P
61809-135250,P,Daniel,Daniel Castano,Castano,13,4,5700,MIA@WSH,MIA,WSH,IL,Shoulder,,,0,P
61809-53608,P,Jose,Jose Urena,Urena,15.235294117647058,17,5700,TEX@DET,DET,TEX,IL,Groin,,,0,P
61809-82650,P,Kyle,Kyle Cody,Cody,6.571428571428571,7,5700,TEX@DET,TEX,DET,IL,Shoulder,,,0,P
61809-82653,P,Ryan,Ryan Borucki,Borucki,6.5,14,5700,BOS@TOR,TOR,BOS,,,,,0,P
61809-68542,P,Robert,Robert Gsellman,Gsellman,5.75,16,5700,NYM@CIN,NYM,CIN,IL,Lat,,,0,P
61809-13438,P,Drew,Drew Pomeranz,Pomeranz,6.157894736842105,19,5700,SD@ATL,SD,ATL,,,,,0,P
61809-79085,P,Keegan,Keegan Akin,Akin,11.615384615384615,13,5700,BAL@TB,BAL,TB,,,,,0,P
61809-79133,P,Matt,Matt Manning,Manning,9.6,5,5700,TEX@DET,DET,TEX,,,,,0,P
61809-79161,P,Braxton,Braxton Garrett,Garrett,12.5,4,5700,MIA@WSH,MIA,WSH,,,,,0,P
61809-79235,P,Nick,Nick Neidert,Neidert,13.8,5,5700,MIA@WSH,MIA,WSH,,,,,0,P
61809-21919,P,Matt,Matt Andriese,Andriese,6.269230769230769,26,5700,BOS@TOR,BOS,TOR,IL,Hamstring,,,0,P
61809-101813,P,J.C.,J.C. Mejia,Mejia,10.7,10,5700,CLE@HOU,CLE,HOU,,,,Yes,,P
61809-52887,P,Tyler,Tyler Matzek,Matzek,5.324324324324325,37,5700,SD@ATL,ATL,SD,,,,,0,P
61809-102334,P,Corbin,Corbin Martin,Martin,10.25,4,5700,PIT@ARI,ARI,PIT,,,,,0,P
61809-79882,P,Austin,Austin Pruitt,Pruitt,6,1,5600,CLE@HOU,HOU,CLE,,,,,0,P
61809-135192,P,Ryan,Ryan Thompson,Thompson,5.666666666666667,36,5600,BAL@TB,TB,BAL,IL,Shoulder,,,0,P
61809-71742,P,Grant,Grant Dayton,Dayton,4.153846153846154,13,5600,SD@ATL,ATL,SD,IL,Shoulder,,,0,P
61809-102505,P,Edwin,Edwin Uceta,Uceta,5.363636363636363,11,5600,SF@LAD,LAD,SF,IL,Back,,,,P
61809-145922,P,Tyler,Tyler Wells,Wells,8.642857142857142,28,5600,BAL@TB,BAL,TB,,,,,0,P
61809-119426,P,Johan,Johan Oviedo,Oviedo,16.416666666666668,12,5600,CHC@STL,STL,CHC,,,,,0,P
61809-17074,P,Matt,Matt Harvey,Harvey,14.31578947368421,19,5600,BAL@TB,BAL,TB,,,,,0,P
61809-80566,P,Seth,Seth Frankoff,Frankoff,8,4,5600,PIT@ARI,ARI,PIT,IL,Forearm,,,0,P
61809-52141,P,Lucas,Lucas Sims,Sims,6.928571428571429,28,5600,NYM@CIN,CIN,NYM,IL,Elbow,,,0,P
61809-52195,P,Daniel,Daniel Norris,Norris,4.176470588235294,34,5600,TEX@DET,DET,TEX,,,,,0,P
61809-82935,P,Trevor,Trevor Richards,Richards,9.565217391304348,23,5600,BOS@TOR,TOR,BOS,,,,,0,P
61809-101855,P,Trent,Trent Thornton,Thornton,7,26,5600,BOS@TOR,TOR,BOS,,,,,0,P
61809-118391,P,Brandon,Brandon Bailey,Bailey,5.6,5,5600,NYM@CIN,CIN,NYM,IL,Elbow,,,0,P
61809-110219,P,Sean,Sean Poppen,Poppen,4.666666666666667,3,5600,BAL@TB,TB,BAL,,,,,0,P
61809-73363,P,Felix,Felix Pena,Pena,-5,2,5600,LAA@OAK,LAA,OAK,,,,,0,P
61809-81925,P,Richard,Richard Rodriguez,Rodriguez,5.444444444444445,36,5500,PIT@ARI,PIT,ARI,,,,,0,P
61809-79895,P,Miguel,Miguel Diaz,Diaz,9.941176470588236,17,5500,SD@ATL,SD,ATL,,,,,0,P
61809-155687,P,Andrew,Andrew Wantz,Wantz,7.666666666666667,3,5500,LAA@OAK,LAA,OAK,,,,,0,P
61809-135209,P,Andre,Andre Scrubb,Scrubb,5.277777777777778,18,5500,CLE@HOU,HOU,CLE,,,,,0,P
61809-135214,P,Ralph,Ralph Garza Jr.,Garza Jr.,7.333333333333333,9,5500,CLE@HOU,HOU,CLE,,,,,0,P
61809-102449,P,Zac,Zac Lowther,Lowther,5.6,5,5500,BAL@TB,BAL,TB,,,,,0,P
61809-79927,P,Stefan,Stefan Crichton,Crichton,2.310344827586207,29,5500,PIT@ARI,ARI,PIT,,,,,0,P
61809-102455,P,Cory,Cory Abbott,Abbott,6.8,5,5500,CHC@STL,CHC,STL,,,,,0,P
61809-135225,P,Steven,Steven Fuentes,Fuentes,,,5500,MIA@WSH,WSH,MIA,IL,Shoulder,,,0,P
61809-79937,P,Cesar,Cesar Valdez,Valdez,5,28,5500,BAL@TB,BAL,TB,,,,,0,P
61809-104512,P,Geoff,Geoff Hartlieb,Hartlieb,3.5,4,5500,NYM@CIN,NYM,CIN,,,,,0,P
61809-38981,P,Brandon,Brandon Workman,Workman,4.2,25,5500,BOS@TOR,BOS,TOR,,,,,0,P
61809-38982,P,Noe,Noe Ramirez,Ramirez,4.571428571428571,14,5500,PIT@ARI,ARI,PIT,,,,,0,P
61809-135237,P,Nick,Nick Mears,Mears,6.75,4,5500,PIT@ARI,PIT,ARI,,,,,0,P
61809-149577,P,Louis,Louis Head,Head,5,6,5500,BAL@TB,TB,BAL,,,,,0,P
61809-135247,P,Jeremy,Jeremy Beasley,Beasley,5.375,8,5500,BOS@TOR,TOR,BOS,,,,,0,P
61809-102481,P,Bryan,Bryan Garcia,Garcia,3.375,32,5500,TEX@DET,DET,TEX,,,,,0,P
61809-149587,P,Jay,Jay Flaa,Flaa,2.5,2,5500,SD@ATL,ATL,SD,,,,,0,P
61809-135253,P,Alex,Alex Vesia,Vesia,5.846153846153846,13,5500,SF@LAD,LAD,SF,,,,,,P
61809-79960,P,Paul,Paul Fry,Fry,6.0285714285714285,35,5500,BAL@TB,BAL,TB,,,,,0,P
61809-82018,P,Victor,Victor Arano,Arano,,,5500,SD@ATL,ATL,SD,,,,,0,P
61809-73828,P,Dan,Dan Altavilla,Altavilla,3.5,2,5500,SD@ATL,SD,ATL,IL,Elbow,,,0,P
61809-116839,P,David,David Bednar,Bednar,5.414634146341464,41,5500,PIT@ARI,PIT,ARI,,,,,0,P
61809-116847,P,Cole,Cole Sulser,Sulser,6.935483870967742,31,5500,BAL@TB,BAL,TB,,,,,0,P
61809-6257,P,Pedro,Pedro Strop,Strop,10.5,2,5500,CHC@STL,CHC,STL,,,,,0,P
61809-135283,P,Ty,Ty Tice,Tice,5.5,6,5500,SD@ATL,ATL,SD,,,,,0,P
61809-135289,P,Kodi,Kodi Whitley,Whitley,2.8333333333333335,12,5500,CHC@STL,STL,CHC,,,,,0,P
61809-135294,P,Sam,Sam Clay,Clay,2.8461538461538463,39,5500,MIA@WSH,WSH,MIA,,,,,0,P
61809-135303,P,Jordan,Jordan Weems,Weems,1.1428571428571428,7,5500,PIT@ARI,ARI,PIT,,,,,0,P
61809-73865,P,Jonathan,Jonathan Holder,Holder,4.944444444444445,18,5500,CHC@STL,CHC,STL,IL,Shoulder,,,0,P
61809-73869,P,Joe,Joe Mantiply,Mantiply,3.413793103448276,29,5500,PIT@ARI,ARI,PIT,,,,,0,P
61809-135312,P,Kyle,Kyle Nelson,Nelson,2.3,10,5500,CLE@HOU,CLE,HOU,,,,,0,P
61809-135313,P,Nick,Nick Sandlin,Sandlin,7.416666666666667,24,5500,CLE@HOU,CLE,HOU,,,,,0,P
61809-53396,P,Nick,Nick Tropeano,Tropeano,6,5,5500,NYM@CIN,NYM,CIN,,,,,0,P
61809-6295,P,Daniel,Daniel Hudson,Hudson,7.769230769230769,26,5500,MIA@WSH,WSH,MIA,,,,,0,P
61809-102552,P,Seth,Seth Elledge,Elledge,4.545454545454546,11,5500,CHC@STL,STL,CHC,,,,,0,P
61809-73882,P,Joely,Joely Rodriguez,Rodriguez,4.185185185185185,27,5500,TEX@DET,TEX,DET,,,,,0,P
61809-102556,P,Art,Art Warren,Warren,6.055555555555555,18,5500,NYM@CIN,CIN,NYM,IL,Oblique,,,0,P
61809-102558,P,Gregory,Gregory Santos,Santos,0,3,5500,SF@LAD,SF,LAD,NA,Suspension,,,,P
61809-80033,P,Emilio,Emilio Pagan,Pagan,5.609756097560975,41,5500,SD@ATL,SD,ATL,,,,,0,P
61809-102560,P,Camilo,Camilo Doval,Doval,3.8461538461538463,13,5500,SF@LAD,SF,LAD,,,,,,P
61809-80035,P,Bobby,Bobby Wahl,Wahl,0.3333333333333333,3,5500,SF@LAD,LAD,SF,,,,,,P
61809-12452,P,Kenley,Kenley Jansen,Jansen,6.027027027027027,37,5500,SF@LAD,LAD,SF,,,,,,P
61809-39081,P,Chasen,Chasen Shreve,Shreve,3.888888888888889,27,5500,PIT@ARI,PIT,ARI,,,,,0,P
61809-102568,P,Colin,Colin Poche,Poche,,,5500,BAL@TB,TB,BAL,IL,Elbow,,,0,P
61809-145591,P,Eduard,Eduard Bazardo,Bazardo,9,2,5500,BOS@TOR,BOS,TOR,IL,Lat,,,0,P
61809-135359,P,Caleb,Caleb Baragar,Baragar,4.818181818181818,22,5500,SF@LAD,SF,LAD,,,,,,P
61809-135362,P,Roel,Roel Ramirez,Ramirez,-8,1,5500,CHC@STL,STL,CHC,,,,,0,P
61809-137410,P,Humberto,Humberto Castellanos,Castellanos,8.875,8,5500,PIT@ARI,ARI,PIT,,,,,0,P
61809-71875,P,Mike,Mike Mayers,Mayers,5.75,44,5500,LAA@OAK,LAA,OAK,,,,,0,P
61809-135361,P,Nabil,Nabil Crismatt,Crismatt,8.833333333333334,24,5500,SD@ATL,SD,ATL,,,,,0,P
61809-135365,P,Angel,Angel Rondon,Rondon,4.5,2,5500,CHC@STL,STL,CHC,,,,,0,P
61809-145609,P,Peter,Peter Solomon,Solomon,5,3,5500,CLE@HOU,HOU,CLE,,,,,0,P
61809-145629,P,Mason,Mason Thompson,Thompson,3,4,5500,SD@ATL,SD,ATL,,,,,0,P
61809-149731,P,Anthony,Anthony Bender,Bender,6.32258064516129,31,5500,MIA@WSH,MIA,WSH,,,,,0,P
61809-53550,P,Alex,Alex Reyes,Reyes,7.6,40,5500,CHC@STL,STL,CHC,,,,,0,P
61809-12594,P,Jake,Jake McGee,McGee,5.7105263157894735,38,5500,SF@LAD,SF,LAD,,,,,,P
61809-117065,P,James,James Karinchak,Karinchak,7.627906976744186,43,5500,CLE@HOU,CLE,HOU,,,,,0,P
61809-135530,P,Brett,Brett de Geus,de Geus,4.296296296296297,27,5500,PIT@ARI,ARI,PIT,,,,,0,P
61809-153961,P,Tayler,Tayler Saucedo,Saucedo,4.5,10,5500,BOS@TOR,TOR,BOS,,,,,0,P
61809-57717,P,Buck,Buck Farmer,Farmer,3.4615384615384617,26,5500,TEX@DET,DET,TEX,,,,,0,P
61809-12675,P,Steve,Steve Cishek,Cishek,4.326086956521739,46,5500,LAA@OAK,LAA,OAK,,,,,0,P
61809-61858,P,Raisel,Raisel Iglesias,Iglesias,8.157894736842104,38,5500,LAA@OAK,LAA,OAK,,,,,0,P
61809-57770,P,Alex,Alex Claudio,Claudio,3.325,40,5500,LAA@OAK,LAA,OAK,,,,,0,P
61809-80345,P,Reyes,Reyes Moronta,Moronta,3.75,4,5500,SF@LAD,SF,LAD,IL,Elbow,,,,P
61809-80346,P,Giovanny,Giovanny Gallegos,Gallegos,7.675,40,5500,CHC@STL,STL,CHC,,,,,0,P
61809-135645,P,Isaac,Isaac Mattson,Mattson,3,2,5500,BAL@TB,BAL,TB,,,,,0,P
61809-84452,P,Caleb,Caleb Ferguson,Ferguson,6.238095238095238,21,5500,SF@LAD,LAD,SF,IL,Elbow,,,,P
61809-96760,P,Kyle,Kyle McGowin,McGowin,5.681818181818182,22,5500,MIA@WSH,WSH,MIA,IL,Biceps,,,0,P
61809-145918,P,Will,Will Vest,Vest,3.6363636363636362,33,5500,TEX@DET,DET,TEX,,,,,0,P
61809-145919,P,Paul,Paul Campbell,Campbell,8,5,5500,MIA@WSH,MIA,WSH,NA,Suspension,,,0,P
61809-145916,P,Zach,Zach Pop,Pop,4.862068965517241,29,5500,MIA@WSH,MIA,WSH,,,,,0,P
61809-145917,P,Mac,Mac Sceroler,Sceroler,4,5,5500,NYM@CIN,CIN,NYM,,,,,0,P
61809-119298,P,Luis,Luis Frias,Frias,,,5500,PIT@ARI,ARI,PIT,,,,,0,P
61809-53767,P,Dan,Dan Winkler,Winkler,4.805555555555555,36,5500,CHC@STL,CHC,STL,,,,,0,P
61809-119321,P,Riley,Riley Thompson,Thompson,,,5500,CHC@STL,CHC,STL,,,,,0,P
61809-156220,P,Darien,Darien Nunez,Nunez,7,3,5500,SF@LAD,LAD,SF,,,,,,P
61809-119361,P,Drew,Drew Rasmussen,Rasmussen,7.181818181818182,22,5500,BAL@TB,TB,BAL,,,,,0,P
61809-80461,P,Ryne,Ryne Harper,Harper,6.916666666666667,12,5500,MIA@WSH,WSH,MIA,,,,,0,P
61809-80460,P,John,John Brebbia,Brebbia,4.7,10,5500,SF@LAD,SF,LAD,,,,,,P
61809-119375,P,Dedniel,Dedniel Nunez,Nunez,,,5500,SF@LAD,SF,LAD,IL,Elbow,,,,P
61809-16982,P,Ryan,Ryan Tepera,Tepera,5.333333333333333,39,5500,CHC@STL,CHC,STL,,,,,0,P
61809-150106,P,Nick,Nick Allgeyer,Allgeyer,3,1,5500,BOS@TOR,TOR,BOS,,,,,0,P
61809-150107,P,Tommy,Tommy Nance,Nance,5.421052631578948,19,5500,CHC@STL,CHC,STL,,,,,0,P
61809-80477,P,Hunter,Hunter Wood,Wood,4.8,5,5500,TEX@DET,TEX,DET,IL,Elbow,,,0,P
61809-80478,P,Reymin,Reymin Guduan,Guduan,2.5454545454545454,11,5500,LAA@OAK,OAK,LAA,,,,,,P
61809-82528,P,Jon,Jon Duplantier,Duplantier,4.5,4,5500,PIT@ARI,ARI,PIT,,,,,0,P
61809-21096,P,Erasmo,Erasmo Ramirez,Ramirez,3.4,5,5500,TEX@DET,DET,TEX,,,,,0,P
61809-82539,P,Jalen,Jalen Beeks,Beeks,10.083333333333334,12,5500,BAL@TB,TB,BAL,IL,Elbow,,,0,P
61809-82538,P,Darwinzon,Darwinzon Hernandez,Hernandez,4.864864864864865,37,5500,BOS@TOR,BOS,TOR,,,,,0,P
61809-82547,P,Thomas,Thomas Hatch,Hatch,8.352941176470589,17,5500,BOS@TOR,TOR,BOS,,,,,0,P
61809-156272,P,Reiss,Reiss Knehr,Knehr,14,1,5500,SD@ATL,SD,ATL,,,,,0,P
61809-53876,P,Spencer,Spencer Patton,Patton,5.3125,16,5500,TEX@DET,TEX,DET,,,,,0,P
61809-82548,P,Alex,Alex Lange,Lange,3.9473684210526314,19,5500,TEX@DET,DET,TEX,,,,,0,P
61809-82552,P,Tony,Tony Santillan,Santillan,14.571428571428571,7,5500,NYM@CIN,CIN,NYM,,,,,0,P
61809-17026,P,Heath,Heath Hembree,Hembree,6.65625,32,5500,NYM@CIN,CIN,NYM,,,,,0,P
61809-62087,P,Miguel,Miguel Castro,Castro,5.2105263157894735,38,5500,NYM@CIN,NYM,CIN,,,,,0,P
61809-17037,P,Trevor,Trevor Rosenthal,Rosenthal,7.6521739130434785,23,5500,LAA@OAK,OAK,LAA,IL,Hip,,,,P
61809-82572,P,Gregory,Gregory Soto,Soto,5.846153846153846,39,5500,TEX@DET,DET,TEX,,,,,0,P
61809-12943,P,Shelby,Shelby Miller,Miller,-4,3,5500,PIT@ARI,PIT,ARI,,,,,0,P
61809-113302,P,Sam,Sam Selman,Selman,5.142857142857143,7,5500,SF@LAD,SF,LAD,,,,,,P
61809-82584,P,J.B.,J.B. Bukauskas,Bukauskas,2.235294117647059,17,5500,PIT@ARI,ARI,PIT,,,,,0,P
61809-82591,P,Chris,Chris Rodriguez,Rodriguez,8.23076923076923,13,5500,LAA@OAK,LAA,OAK,,,,,0,P
61809-82592,P,Dennis,Dennis Santana,Santana,2.7142857142857144,21,5500,TEX@DET,TEX,DET,,,,,0,P
61809-17058,P,Blake,Blake Parker,Parker,4.466666666666667,15,5500,CLE@HOU,CLE,HOU,,,,,0,P
61809-111268,P,Daniel,Daniel Camarena,Camarena,5.666666666666667,3,5500,SD@ATL,SD,ATL,,,,,0,P
61809-17065,P,Blake,Blake Treinen,Treinen,5.82051282051282,39,5500,SF@LAD,LAD,SF,,,,,,P
61809-82603,P,Mitch,Mitch White,White,6.769230769230769,13,5500,SF@LAD,LAD,SF,,,,,,P
61809-84651,P,Austin,Austin Davis,Davis,7.166666666666667,6,5500,PIT@ARI,PIT,ARI,,,,,0,P
61809-72377,P,James,James Hoyt,Hoyt,5.166666666666667,6,5500,LAA@OAK,LAA,OAK,,,,,0,P
61809-80568,P,Edgar,Edgar Santana,Santana,4.44,25,5500,SD@ATL,ATL,SD,,,,,0,P
61809-80571,P,Phil,Phil Maton,Maton,6.9411764705882355,34,5500,CLE@HOU,CLE,HOU,,,,,0,P
61809-53953,P,Keone,Keone Kela,Kela,5.416666666666667,12,5500,SD@ATL,SD,ATL,IL,Elbow,,,0,P
61809-17094,P,Jake,Jake Diekman,Diekman,5.75,40,5500,LAA@OAK,OAK,LAA,,,,,,P
61809-82631,P,Taylor,Taylor Hearn,Hearn,7.620689655172414,29,5500,TEX@DET,TEX,DET,,,,,0,P
61809-82633,P,Michel,Michel Baez,Baez,7.666666666666667,3,5500,SD@ATL,SD,ATL,IL,Elbow,,,0,P
61809-17100,P,Jeurys,Jeurys Familia,Familia,5.933333333333334,30,5500,NYM@CIN,NYM,CIN,,,,,0,P
61809-82639,P,Ryan,Ryan Helsley,Helsley,4.439024390243903,41,5500,CHC@STL,STL,CHC,,,,,0,P
61809-82638,P,Jordan,Jordan Hicks,Hicks,4.2,10,5500,CHC@STL,STL,CHC,IL,Elbow,,,0,P
61809-13010,P,David,David Phelps,Phelps,6.636363636363637,11,5500,BOS@TOR,TOR,BOS,IL,Lat,,,0,P
61809-17109,P,Oliver,Oliver Drake,Drake,3,11,5500,BAL@TB,TB,BAL,IL,Elbow,,,0,P
61809-13025,P,Pedro,Pedro Baez,Baez,4,18,5500,CLE@HOU,HOU,CLE,IL,Shoulder,,,0,P
61809-53990,P,Shawn,Shawn Armstrong,Armstrong,3.45,20,5500,BAL@TB,BAL,TB,,,,,0,P
61809-84727,P,Drew,Drew Smith,Smith,7.619047619047619,21,5500,NYM@CIN,NYM,CIN,,,,,0,P
61809-13078,P,Brad,Brad Brach,Brach,4.8,25,5500,NYM@CIN,CIN,NYM,,,,,0,P
61809-138016,P,Brandon,Brandon Waddell,Waddell,3.111111111111111,9,5500,CHC@STL,STL,CHC,IL,Illness,,,0,P
61809-70482,P,J.B.,J.B. Wendelken,Wendelken,4.7272727272727275,22,5500,LAA@OAK,OAK,LAA,,,,,,P
61809-68465,P,Yoan,Yoan Lopez,Lopez,3.769230769230769,13,5500,SD@ATL,ATL,SD,,,,,0,P
61809-68466,P,Steven,Steven Okert,Okert,6.5,6,5500,MIA@WSH,MIA,WSH,,,,,0,P
61809-68477,P,Jake,Jake Reed,Reed,4.166666666666667,6,5500,SF@LAD,LAD,SF,,,,,,P
61809-13183,P,Dellin,Dellin Betances,Betances,3,1,5500,NYM@CIN,NYM,CIN,IL,Shoulder,,,0,P
61809-13192,P,Tony,Tony Watson,Watson,3.78125,32,5500,LAA@OAK,LAA,OAK,,,,,0,P
61809-68493,P,David,David Hess,Hess,6,4,5500,MIA@WSH,MIA,WSH,,,,,0,P
61809-23437,P,Brooks,Brooks Raley,Raley,4.527777777777778,36,5500,CLE@HOU,HOU,CLE,IL,Undisclosed,,,0,P
61809-68507,P,Duane,Duane Underwood Jr.,Underwood Jr.,7.655172413793103,29,5500,PIT@ARI,PIT,ARI,,,,,0,P
61809-68511,P,Keury,Keury Mella,Mella,-3.5,2,5500,PIT@ARI,ARI,PIT,,,,,0,P
61809-68510,P,Amir,Amir Garrett,Garrett,3.4358974358974357,39,5500,NYM@CIN,CIN,NYM,,,,,0,P
61809-68515,P,Sam,Sam Moll,Moll,3,1,5500,LAA@OAK,OAK,LAA,,,,,,P
61809-39843,P,Burch,Burch Smith,Smith,4.45,20,5500,LAA@OAK,OAK,LAA,,,,,,P
61809-80804,P,Tyler,Tyler Webb,Webb,0.8636363636363636,22,5500,CHC@STL,STL,CHC,,,,,0,P
61809-52143,P,Hunter,Hunter Harvey,Harvey,3.5555555555555554,9,5500,BAL@TB,BAL,TB,IL,Lat,,,0,P
61809-52146,P,CJ,CJ Edwards,Edwards,2,7,5500,BOS@TOR,TOR,BOS,IL,Oblique,,,0,P
61809-68530,P,Jarlin,Jarlin Garcia,Garcia,6.592592592592593,27,5500,SF@LAD,SF,LAD,,,,,,P
61809-70578,P,Cody,Cody Reed,Reed,3.1666666666666665,12,5500,BAL@TB,TB,BAL,IL,Shoulder,,,0,P
61809-52148,P,Pierce,Pierce Johnson,Johnson,5.542857142857143,35,5500,SD@ATL,SD,ATL,,,,,0,P
61809-70585,P,Richard,Richard Bleier,Bleier,4.410256410256411,39,5500,MIA@WSH,MIA,WSH,,,,,0,P
61809-68541,P,Taylor,Taylor Williams,Williams,6.2,5,5500,SD@ATL,SD,ATL,IL,Knee,,,0,P
61809-68545,P,Stephen,Stephen Tarpley,Tarpley,-6,1,5500,NYM@CIN,NYM,CIN,,,,,0,P
61809-80832,P,Trevor,Trevor Hildenberger,Hildenberger,3.5,2,5500,SF@LAD,SF,LAD,,,,,,P
61809-68548,P,Edwin,Edwin Diaz,Diaz,6.2894736842105265,38,5500,NYM@CIN,NYM,CIN,,,,,0,P
61809-68555,P,Brent,Brent Honeywell Jr.,Honeywell Jr.,4.333333333333333,3,5500,BAL@TB,TB,BAL,,,,,0,P
61809-5069,P,Craig,Craig Stammen,Stammen,7,42,5500,SD@ATL,SD,ATL,,,,,0,P
61809-68556,P,Dillon,Dillon Tate,Tate,5.225806451612903,31,5500,BAL@TB,BAL,TB,,,,,0,P
61809-80849,P,Adam,Adam Kolarek,Kolarek,1.25,12,5500,LAA@OAK,OAK,LAA,,,,,,P
61809-52177,P,Jesse,Jesse Biddle,Biddle,4.375,8,5500,SD@ATL,ATL,SD,,,,,0,P
61809-5074,P,Tyler,Tyler Clippard,Clippard,5.538461538461538,26,5500,PIT@ARI,ARI,PIT,IL,Shoulder,,,0,P
61809-13271,P,Will,Will Smith,Smith,5.7560975609756095,41,5500,SD@ATL,ATL,SD,,,,,0,P
61809-52184,P,Matt,Matt Wisler,Wisler,6.0588235294117645,34,5500,BAL@TB,TB,BAL,,,,,0,P
61809-82911,P,Adam,Adam Cimber,Cimber,4.421052631578948,38,5500,BOS@TOR,TOR,BOS,,,,,0,P
61809-52191,P,Kyle,Kyle Crick,Crick,3.925925925925926,27,5500,PIT@ARI,PIT,ARI,,,,,0,P
61809-52192,P,Luke,Luke Jackson,Jackson,4.65,40,5500,SD@ATL,ATL,SD,,,,,0,P
61809-70624,P,Chris,Chris Stratton,Stratton,6.394736842105263,38,5500,PIT@ARI,PIT,ARI,,,,,0,P
61809-52196,P,A.J.,A.J. Cole,Cole,7,6,5500,BOS@TOR,TOR,BOS,IL,Oblique,,,0,P
61809-70629,P,Jacob,Jacob Barnes,Barnes,4.769230769230769,26,5500,BOS@TOR,TOR,BOS,,,,,0,P
61809-82923,P,Luke,Luke Bard,Bard,4.166666666666667,6,5500,LAA@OAK,LAA,OAK,IL,Hip,,,0,P
61809-82924,P,Tim,Tim Hill,Hill,5.044444444444444,45,5500,SD@ATL,SD,ATL,,,,,0,P
61809-68590,P,Javy,Javy Guerra,Guerra,2.642857142857143,14,5500,SD@ATL,SD,ATL,IL,Elbow,,,0,P
61809-68592,P,Francis,Francis Martes,Martes,,,5500,CLE@HOU,HOU,CLE,,,,,0,P
61809-5107,P,Sergio,Sergio Romo,Romo,4.368421052631579,38,5500,LAA@OAK,OAK,LAA,,,,,,P
61809-13312,P,Ryan,Ryan Brasier,Brasier,5.52,25,5500,BOS@TOR,BOS,TOR,IL,Concussion,,,0,P
61809-82974,P,Tanner,Tanner Rainey,Rainey,3.8666666666666667,30,5500,MIA@WSH,WSH,MIA,IL,Lower leg,,,0,P
61809-82976,P,Corey,Corey Oswalt,Oswalt,18.333333333333332,3,5500,NYM@CIN,NYM,CIN,IL,Knee,,,0,P
61809-82986,P,Colten,Colten Brewer,Brewer,-6,1,5500,BOS@TOR,BOS,TOR,,,,,0,P
61809-82998,P,Lou,Lou Trivino,Trivino,5.857142857142857,42,5500,LAA@OAK,OAK,LAA,,,,,,P
61809-11325,P,Sean,Sean Doolittle,Doolittle,4.54054054054054,37,5500,NYM@CIN,CIN,NYM,,,,,0,P
61809-21565,P,Ryan,Ryan Buchter,Buchter,3.5,16,5500,PIT@ARI,ARI,PIT,,,,,0,P
61809-11327,P,Matt,Matt Bush,Bush,4,3,5500,TEX@DET,TEX,DET,IL,Elbow,,,0,P
61809-11333,P,Craig,Craig Kimbrel,Kimbrel,7.857142857142857,35,5500,CHC@STL,CHC,STL,,,,,0,P
61809-11335,P,Jay,Jay Jackson,Jackson,12.5,2,5500,SF@LAD,SF,LAD,,,,,,P
61809-23626,P,Will,Will Harris,Harris,3.375,8,5500,MIA@WSH,WSH,MIA,IL,Arm,,,0,P
61809-154712,P,Mickey,Mickey Jannis,Jannis,-8,1,5500,BAL@TB,BAL,TB,,,,,0,P
61809-13404,P,Anthony,Anthony Bass,Bass,4,41,5500,MIA@WSH,MIA,WSH,,,,,0,P
61809-72809,P,Austin,Austin Brice,Brice,3.6153846153846154,13,5500,BOS@TOR,BOS,TOR,,,,,0,P
61809-5230,P,Joe,Joe Smith,Smith,2.8,25,5500,CLE@HOU,HOU,CLE,,,,,0,P
61809-38001,P,Matt,Matt Barnes,Barnes,7.7368421052631575,38,5500,BOS@TOR,BOS,TOR,,,,,0,P
61809-85107,P,James,James Norwood,Norwood,5.25,4,5500,SD@ATL,SD,ATL,,,,,0,P
61809-40052,P,Ian,Ian Krol,Krol,0.5,2,5500,TEX@DET,DET,TEX,,,,,0,P
61809-38007,P,Jose,Jose Alvarez,Alvarez,4.25,32,5500,SF@LAD,SF,LAD,,,,,,P
61809-54403,P,Trevor,Trevor Gott,Gott,1.7333333333333334,15,5500,SF@LAD,SF,LAD,,,,,,P
61809-13458,P,Nate,Nate Jones,Jones,3.15,20,5500,SF@LAD,LAD,SF,,,,,,P
61809-81044,P,Austin,Austin Adams,Adams,6.121951219512195,41,5500,SD@ATL,SD,ATL,,,,,0,P
61809-38041,P,Ryan,Ryan Pressly,Pressly,7.416666666666667,36,5500,CLE@HOU,HOU,CLE,,,,,0,P
61809-81052,P,Andrew,Andrew Kittredge,Kittredge,8.303030303030303,33,5500,BAL@TB,TB,BAL,,,,,0,P
61809-13479,P,Joe,Joe Kelly,Kelly,5.625,24,5500,SF@LAD,LAD,SF,,,,,,P
61809-154794,P,Joe,Joe Barlow,Barlow,5.25,4,5500,TEX@DET,TEX,DET,,,,,0,P
61809-140459,P,John,John King,King,9.11111111111111,27,5500,TEX@DET,TEX,DET,IL,Shoulder,,,0,P
61809-83116,P,Wander,Wander Suero,Suero,3.59375,32,5500,MIA@WSH,WSH,MIA,,,,,0,P
61809-21682,P,Aaron,Aaron Loup,Loup,6.212121212121212,33,5500,NYM@CIN,NYM,CIN,,,,,0,P
61809-13495,P,Rafael,Rafael Dolis,Dolis,4.233333333333333,30,5500,BOS@TOR,TOR,BOS,,,,,0,P
61809-13512,P,Rex,Rex Brothers,Brothers,6.648648648648648,37,5500,CHC@STL,CHC,STL,,,,,0,P
61809-83145,P,Jose,Jose Castillo,Castillo,,,5500,SD@ATL,SD,ATL,IL,Elbow,,,0,P
61809-83147,P,Brad,Brad Wieck,Wieck,9,15,5500,CHC@STL,CHC,STL,IL,Illness,,,0,P
61809-38097,P,Aaron,Aaron Northcraft,Northcraft,7.8,5,5500,SD@ATL,SD,ATL,,,,,0,P
61809-83154,P,Miguel,Miguel del Pozo,del Pozo,-1,1,5500,TEX@DET,DET,TEX,,,,,0,P
61809-83159,P,Diego,Diego Castillo,Castillo,6.212121212121212,33,5500,BAL@TB,TB,BAL,,,,,0,P
61809-38106,P,Kirby,Kirby Yates,Yates,3.1666666666666665,6,5500,BOS@TOR,TOR,BOS,IL,Elbow,,,0,P
61809-83166,P,Zack,Zack Littell,Littell,3.588235294117647,34,5500,SF@LAD,SF,LAD,,,,,,P
61809-38114,P,Preston,Preston Guilmet,Guilmet,,,5500,MIA@WSH,MIA,WSH,,,,,0,P
61809-152806,P,Jason,Jason Foley,Foley,3.75,4,5500,TEX@DET,DET,TEX,,,,,0,P
61809-83172,P,Jonathan,Jonathan Hernandez,Hernandez,6.888888888888889,27,5500,TEX@DET,TEX,DET,IL,Elbow,,,0,P
61809-79084,P,Tanner,Tanner Scott,Scott,6.095238095238095,42,5500,BAL@TB,BAL,TB,,,,,0,P
61809-79088,P,Travis,Travis Lakins Sr.,Lakins Sr.,4.5,24,5500,BAL@TB,BAL,TB,IL,Elbow,,,0,P
61809-83184,P,Julian,Julian Merryweather,Merryweather,8.5,4,5500,BOS@TOR,TOR,BOS,IL,Oblique,,,0,P
61809-83189,P,Jefry,Jefry Rodriguez,Rodriguez,8.428571428571429,7,5500,MIA@WSH,WSH,MIA,,,,,0,P
61809-83194,P,Sam,Sam Howard,Howard,4.394736842105263,38,5500,PIT@ARI,PIT,ARI,IL,Oblique,,,0,P
61809-13564,P,Chaz,Chaz Roe,Roe,2,1,5500,BAL@TB,TB,BAL,IL,Shoulder,,,0,P
61809-38144,P,Shane,Shane Greene,Greene,1.9333333333333333,15,5500,SD@ATL,ATL,SD,,,,,0,P
61809-85248,P,DJ,DJ Johnson,Johnson,11,1,5500,CLE@HOU,CLE,HOU,,,,,0,P
61809-85252,P,Jorge,Jorge Guzman,Guzman,-3,1,5500,MIA@WSH,MIA,WSH,,,,,0,P
61809-85255,P,Shaun,Shaun Anderson,Anderson,6.666666666666667,6,5500,BAL@TB,BAL,TB,,,,,0,P
61809-79124,P,Joe,Joe Jimenez,Jimenez,4.185185185185185,27,5500,TEX@DET,DET,TEX,,,,,0,P
61809-85271,P,Alexander,Alexander Wells,Wells,8.5,2,5500,BAL@TB,BAL,TB,,,,,0,P
61809-38171,P,Mike,Mike Kickham,Kickham,3,1,5500,SF@LAD,LAD,SF,,,,,,P
61809-83232,P,Jason,Jason Adam,Adam,4.555555555555555,9,5500,CHC@STL,CHC,STL,,,,,0,P
61809-85289,P,Nick,Nick Anderson,Anderson,7.157894736842105,19,5500,BAL@TB,TB,BAL,IL,Elbow,,,0,P
61809-85288,P,Brusdar,Brusdar Graterol,Graterol,3.6,5,5500,SF@LAD,LAD,SF,,,,,,P
61809-154947,P,Justin,Justin Garza,Garza,8.333333333333334,3,5500,CLE@HOU,CLE,HOU,,,,,0,P
61809-79171,P,Phil,Phil Bickford,Bickford,5.36,25,5500,SF@LAD,LAD,SF,,,,,,P
61809-13635,P,Brad,Brad Hand,Hand,6.333333333333333,36,5500,MIA@WSH,WSH,MIA,,,,,0,P
61809-113986,P,Emmanuel,Emmanuel Clase,Clase,5.85,40,5500,CLE@HOU,CLE,HOU,,,,,0,P
61809-38215,P,Adam,Adam Morgan,Morgan,2.3333333333333335,9,5500,CHC@STL,CHC,STL,,,,,0,P
61809-38216,P,Jose,Jose Cisnero,Cisnero,5.186046511627907,43,5500,TEX@DET,DET,TEX,,,,,0,P
61809-38217,P,Tommy,Tommy Kahnle,Kahnle,12,1,5500,SF@LAD,LAD,SF,IL,Elbow,,,,P
61809-79184,P,Thomas,Thomas Szapucki,Szapucki,5,1,5500,NYM@CIN,NYM,CIN,O,Elbow,,,0,P
61809-38228,P,Trevor,Trevor May,May,5.894736842105263,38,5500,NYM@CIN,NYM,CIN,,,,,0,P
61809-21846,P,Chris,Chris Devenski,Devenski,2.75,8,5500,PIT@ARI,ARI,PIT,IL,Elbow,,,0,P
61809-79194,P,Domingo,Domingo Acevedo,Acevedo,3,3,5500,LAA@OAK,OAK,LAA,,,,,,P
61809-118106,P,Victor,Victor Gonzalez,Gonzalez,4.333333333333333,36,5500,SF@LAD,LAD,SF,,,,,,P
61809-118123,P,Blake,Blake Taylor,Taylor,4.782608695652174,23,5500,CLE@HOU,HOU,CLE,,,,,0,P
61809-62827,P,Michael,Michael Feliz,Feliz,3.0625,16,5500,NYM@CIN,CIN,NYM,IL,Elbow,,,0,P
61809-118124,P,Kent,Kent Emanuel,Emanuel,8.3,10,5500,CLE@HOU,HOU,CLE,IL,Elbow,,,0,P
61809-79232,P,Clay,Clay Holmes,Holmes,4.878048780487805,41,5500,PIT@ARI,PIT,ARI,,,,,0,P
61809-13709,P,Deolis,Deolis Guerra,Guerra,6.153846153846154,26,5500,LAA@OAK,OAK,LAA,,,,,,P
61809-38287,P,Josh,Josh Osich,Osich,3.857142857142857,14,5500,NYM@CIN,CIN,NYM,,,,,0,P
61809-79250,P,Junior,Junior Fernandez,Fernandez,3.7857142857142856,14,5500,CHC@STL,STL,CHC,,,,,0,P
61809-155028,P,Konner,Konner Wade,Wade,,,5500,BAL@TB,BAL,TB,,,,,0,P
61809-62871,P,Junior,Junior Guerra,Guerra,7.130434782608695,23,5500,LAA@OAK,LAA,OAK,,,,,0,P
61809-79258,P,Ryne,Ryne Stanek,Stanek,5.121951219512195,41,5500,CLE@HOU,HOU,CLE,,,,,0,P
61809-38303,P,Andrew,Andrew Chafin,Chafin,5.048780487804878,41,5500,CHC@STL,CHC,STL,,,,,0,P
61809-79266,P,Brett,Brett Martin,Martin,4.594594594594595,37,5500,TEX@DET,TEX,DET,,,,,0,P
61809-118178,P,Jasseel,Jasseel De La Cruz,De La Cruz,,,5500,SD@ATL,ATL,SD,,,,,0,P
61809-118183,P,Nivaldo,Nivaldo Rodriguez,Rodriguez,6.25,4,5500,CLE@HOU,HOU,CLE,,,,,0,P
61809-118182,P,Ben,Ben Braymer,Braymer,16.333333333333332,3,5500,MIA@WSH,WSH,MIA,,,,,0,P
61809-101801,P,Joel,Joel Payamps,Payamps,5.857142857142857,21,5500,BOS@TOR,TOR,BOS,,,,,0,P
61809-118184,P,Enoli,Enoli Paredes,Paredes,4.416666666666667,12,5500,CLE@HOU,HOU,CLE,,,,,0,P
61809-79275,P,Sean,Sean Reid-Foley,Reid-Foley,9.384615384615385,13,5500,NYM@CIN,NYM,CIN,IL,Elbow,,,0,P
61809-101803,P,Jacob,Jacob Webb,Webb,4.833333333333333,18,5500,SD@ATL,ATL,SD,,,,,0,P
61809-101809,P,Josh,Josh Taylor,Taylor,4.621621621621622,37,5500,BOS@TOR,BOS,TOR,,,,,0,P
61809-38322,P,Ben,Ben Rowen,Rowen,4.625,8,5500,LAA@OAK,LAA,OAK,,,,,0,P
61809-118195,P,Tejay,Tejay Antone,Antone,9.909090909090908,22,5500,NYM@CIN,CIN,NYM,IL,Forearm,,,0,P
61809-101810,P,Justin,Justin Steele,Steele,9.636363636363637,11,5500,CHC@STL,CHC,STL,,,,,0,P
61809-118196,P,Ryan,Ryan Hendrix,Hendrix,5,32,5500,NYM@CIN,CIN,NYM,,,,,0,P
61809-101816,P,Bryan,Bryan Abreu,Abreu,5.64,25,5500,CLE@HOU,HOU,CLE,,,,,0,P
61809-101818,P,Luis,Luis Madero,Madero,-1.5,2,5500,MIA@WSH,MIA,WSH,,,,,0,P
61809-118205,P,Anthony,Anthony Castro,Castro,5.2272727272727275,22,5500,BOS@TOR,TOR,BOS,,,,,0,P
61809-40382,P,Luis,Luis Garcia,Garcia,0,2,5500,CHC@STL,STL,CHC,,,,,0,P
61809-101823,P,Jordan,Jordan Yamamoto,Yamamoto,13,2,5500,NYM@CIN,NYM,CIN,IL,Shoulder,,,0,P
61809-101822,P,Josh,Josh Sborz,Sborz,5.513513513513513,37,5500,TEX@DET,TEX,DET,,,,,0,P
61809-101825,P,Jose,Jose Quijada,Quijada,12.5,2,5500,LAA@OAK,LAA,OAK,,,,,0,P
61809-118209,P,Miguel,Miguel Yajure,Yajure,20,2,5500,PIT@ARI,PIT,ARI,IL,Forearm,,,0,P
61809-101824,P,Kyle,Kyle Keller,Keller,4.875,8,5500,PIT@ARI,PIT,ARI,,,,,0,P
61809-101826,P,Jordan,Jordan Holloway,Holloway,15,11,5500,MIA@WSH,MIA,WSH,,,,,0,P
61809-118213,P,Demarcus,Demarcus Evans,Evans,5.5,10,5500,TEX@DET,TEX,DET,,,,,0,P
61809-118215,P,Riley,Riley Smith,Smith,8.136363636363637,22,5500,PIT@ARI,ARI,PIT,,,,,0,P
61809-118221,P,J.P.,J.P. Feyereisen,Feyereisen,5.439024390243903,41,5500,BAL@TB,TB,BAL,,,,,0,P
61809-118224,P,Garrett,Garrett Cleavinger,Cleavinger,5.631578947368421,19,5500,SF@LAD,LAD,SF,,,,,,P
61809-118226,P,Blake,Blake Cederlind,Cederlind,3.6,5,5500,PIT@ARI,PIT,ARI,IL,Elbow,,,0,P
61809-101845,P,Genesis,Genesis Cabrera,Cabrera,5.363636363636363,44,5500,CHC@STL,STL,CHC,,,,,0,P
61809-101847,P,Yennsy,Yennsy Diaz,Diaz,6.5,6,5500,NYM@CIN,NYM,CIN,,,,,0,P
61809-101851,P,Brock,Brock Burke,Burke,,,5500,TEX@DET,TEX,DET,,,,,0,P
61809-71130,P,Shawn,Shawn Morimando,Morimando,10,2,5500,MIA@WSH,MIA,WSH,,,,,0,P
61809-101856,P,Patrick,Patrick Murphy,Murphy,3,6,5500,BOS@TOR,TOR,BOS,,,,,0,P
61809-85476,P,Jeffrey,Jeffrey Springs,Springs,7.078947368421052,38,5500,BAL@TB,TB,BAL,,,,,0,P
61809-5624,P,Scott,Scott Kazmir,Kazmir,9,3,5500,SF@LAD,SF,LAD,,,,,,P
61809-52733,P,Scott,Scott Alexander,Alexander,3.176470588235294,17,5500,SF@LAD,LAD,SF,,,,,,P
61809-85517,P,Trey,Trey Wingenter,Wingenter,,,5500,SD@ATL,SD,ATL,IL,Elbow,,,0,P
61809-95756,P,Rowan,Rowan Wick,Wick,4.947368421052632,19,5500,CHC@STL,CHC,STL,IL,Oblique,,,0,P
61809-13838,P,Justin,Justin Miller,Miller,1.7,10,5500,CHC@STL,STL,CHC,,,,,0,P
61809-101904,P,Jordan,Jordan Romano,Romano,6.696969696969697,33,5500,BOS@TOR,TOR,BOS,,,,,0,P
61809-101909,P,Travis,Travis Bergen,Bergen,5.6,10,5500,BOS@TOR,TOR,BOS,,,,,0,P
61809-71190,P,Jose,Jose Leclerc,Leclerc,6,2,5500,TEX@DET,TEX,DET,IL,Elbow,,,0,P
61809-101913,P,Brandon,Brandon Brennan,Brennan,12,1,5500,BOS@TOR,BOS,TOR,,,,,0,P
61809-5658,P,Joakim,Joakim Soria,Soria,4.321428571428571,28,5500,PIT@ARI,ARI,PIT,,,,,0,P
61809-136734,P,Cam,Cam Hill,Hill,4.722222222222222,18,5500,CLE@HOU,CLE,HOU,IL,Wrist,,,0,P
61809-95774,P,Jeff,Jeff Brigham,Brigham,0,1,5500,MIA@WSH,MIA,WSH,IL,Undisclosed,,,0,P
61809-5673,P,Jesse,Jesse Chavez,Chavez,9,7,5500,SD@ATL,ATL,SD,,,,,0,P
61809-79402,P,Cionel,Cionel Perez,Perez,3.782608695652174,23,5500,NYM@CIN,CIN,NYM,,,,,0,P
61809-5680,P,Neftali,Neftali Feliz,Feliz,-1.5,2,5500,SF@LAD,LAD,SF,,,,,,P
61809-5683,P,Oliver,Oliver Perez,Perez,4.6,5,5500,CLE@HOU,CLE,HOU,,,,,0,P
61809-71218,P,Dylan,Dylan Floro,Floro,4.725,40,5500,MIA@WSH,MIA,WSH,,,,,0,P
61809-118381,P,Kyle,Kyle Finnegan,Finnegan,5.297297297297297,37,5500,MIA@WSH,WSH,MIA,,,,,0,P
61809-5743,P,Yusmeiro,Yusmeiro Petit,Petit,4.48936170212766,47,5500,LAA@OAK,OAK,LAA,,,,,,P
61809-52857,P,Kyle,Kyle Ryan,Ryan,2,5,5500,CHC@STL,CHC,STL,,,,,0,P
61809-118397,P,Trevor,Trevor Megill,Megill,-0.6,5,5500,CHC@STL,CHC,STL,,,,,0,P
61809-52865,P,Corey,Corey Knebel,Knebel,5.25,8,5500,SF@LAD,LAD,SF,IL,Lat,,,,P
61809-52877,P,Dominic,Dominic Leone,Leone,6.45,20,5500,SF@LAD,SF,LAD,,,,,,P
61809-112275,P,Conner,Conner Menez,Menez,9.375,8,5500,SF@LAD,SF,LAD,,,,,,P
61809-38563,P,Yimi,Yimi Garcia,Garcia,4.891891891891892,37,5500,MIA@WSH,MIA,WSH,,,,,0,P
61809-13992,P,Luis,Luis Avilan,Avilan,1.5,4,5500,MIA@WSH,WSH,MIA,IL,Elbow,,,0,P
61809-114356,P,Kevin,Kevin Ginkel,Ginkel,3.6875,32,5500,PIT@ARI,ARI,PIT,,,,,0,P
61809-155317,P,Ryan,Ryan Hartman,Hartman,10,1,5500,CLE@HOU,HOU,CLE,,,,,0,P
61809-38596,P,Chris,Chris Martin,Martin,3.3333333333333335,24,5500,SD@ATL,ATL,SD,,,,,0,P
61809-81615,P,Tim,Tim Mayza,Mayza,3.7567567567567566,37,5500,BOS@TOR,TOR,BOS,,,,,0,P
61809-81620,P,Aaron,Aaron Slegers,Slegers,3.2962962962962963,27,5500,LAA@OAK,LAA,OAK,,,,,0,P
61809-14049,P,Bryan,Bryan Shaw,Shaw,6.023809523809524,42,5500,CLE@HOU,CLE,HOU,,,,,0,P
61809-147169,P,Hirokazu,Hirokazu Sawamura,Sawamura,6.27027027027027,37,5500,BOS@TOR,BOS,TOR,,,,,0,P
61809-81641,P,John,John Curtiss,Curtiss,6.125,32,5500,MIA@WSH,MIA,WSH,,,,,0,P
61809-81640,P,Yacksel,Yacksel Rios,Rios,4.642857142857143,14,5500,BOS@TOR,BOS,TOR,,,,,0,P
61809-81642,P,A.J.,A.J. Minter,Minter,3.8372093023255816,43,5500,SD@ATL,ATL,SD,,,,,0,P
61809-81644,P,Ryan,Ryan Sherriff,Sherriff,2.3333333333333335,6,5500,BAL@TB,TB,BAL,,,,,0,P
61809-5911,P,Ross,Ross Detwiler,Detwiler,5.75,32,5500,MIA@WSH,MIA,WSH,,,,Yes,,P
61809-53021,P,Nick,Nick Wittgren,Wittgren,5.125,32,5500,CLE@HOU,CLE,HOU,,,,,0,P
61809-116548,P,Tyler,Tyler Rogers,Rogers,4.465116279069767,43,5500,SF@LAD,SF,LAD,,,,,,P
61809-104293,P,Nick,Nick Ramirez,Ramirez,5.384615384615385,13,5500,SD@ATL,SD,ATL,IL,Shoulder,,,0,P
61809-6018,P,Wade,Wade LeBlanc,LeBlanc,7.571428571428571,14,5500,CHC@STL,STL,CHC,,,,,0,P
61809-108421,P,Phillips,Phillips Valdez,Valdez,5.6,20,5500,BOS@TOR,BOS,TOR,,,,,0,P
61809-102297,P,Keegan,Keegan Thompson,Thompson,8.869565217391305,23,5500,CHC@STL,CHC,STL,,,,,0,P
61809-8101,P,Ian,Ian Kennedy,Kennedy,5.333333333333333,30,5500,TEX@DET,TEX,DET,,,,,0,P
61809-6054,P,Mark,Mark Melancon,Melancon,4.95,40,5500,SD@ATL,SD,ATL,,,,,0,P
61809-102311,P,Luis,Luis Oviedo,Oviedo,6.166666666666667,12,5500,PIT@ARI,PIT,ARI,IL,Quadriceps,,,0,P
61809-6057,P,Andrew,Andrew Miller,Miller,4.045454545454546,22,5500,CHC@STL,STL,CHC,,,,,0,P
61809-108461,P,Pete,Pete Fairbanks,Fairbanks,5.533333333333333,30,5500,BAL@TB,TB,BAL,,,,,0,P
61809-102345,P,Jose,Jose Soriano,Soriano,,,5500,PIT@ARI,PIT,ARI,IL,Elbow,,,0,P
61809-12257,P,Adam,Adam Ottavino,Ottavino,5.4,40,5500,BOS@TOR,BOS,TOR,,,,,0,P
61809-110564,P,Chris,Chris Mazza,Mazza,2.7142857142857144,7,5500,BAL@TB,TB,BAL,,,,,0,P
61809-102377,P,Trevor,Trevor Stephan,Stephan,7.826086956521739,23,5500,CLE@HOU,CLE,HOU,,,,,0,P
61809-102376,P,Garrett,Garrett Whitlock,Whitlock,10.518518518518519,27,5500,BOS@TOR,BOS,TOR,,,,,0,P
61809-81912,P,Dillon,Dillon Maples,Maples,8.277777777777779,18,5500,CHC@STL,CHC,STL,IL,Triceps,,,0,P
61809-102394,P,Luis,Luis Patino,Patino,17.666666666666668,6,5500,BAL@TB,TB,BAL,,,,,0,P
61809-81917,P,Dillon,Dillon Peters,Peters,2,1,5500,PIT@ARI,PIT,ARI,,,,,0,P
61809-38036,P,T.J.,T.J. McFarland,McFarland,-1,1,5000,CHC@STL,STL,CHC,,,,,0,P
61809-79273,1B/3B,Vladimir,Vladimir Guerrero Jr.,Guerrero Jr.,15.088764319259129,89,4500,BOS@TOR,TOR,BOS,,,,,3,C/1B/3B/UTIL
61809-39151,OF,Mookie,Mookie Betts,Betts,12.624691056616513,81,4400,SF@LAD,LAD,SF,DTD,Hip,,,,OF/UTIL
61809-52176,1B/2B,Max,Max Muncy,Muncy,12.862963264371142,81,4400,SF@LAD,LAD,SF,,,,,,C/1B/2B/UTIL
61809-52175,1B,Matt,Matt Olson,Olson,12.573033707865168,89,4300,LAA@OAK,OAK,LAA,,,,,,C/1B/UTIL
61809-79393,SS,Fernando,Fernando Tatis Jr.,Tatis Jr.,16.384415267349837,77,4300,SD@ATL,SD,ATL,,,,,2,SS/UTIL
61809-11334,1B,Freddie,Freddie Freeman,Freeman,12.305495042067308,91,4200,SD@ATL,ATL,SD,,,,,3,C/1B/UTIL
61809-37982,SS,Xander,Xander Bogaerts,Bogaerts,11.978160638918823,87,4200,BOS@TOR,BOS,TOR,,,,,3,SS/UTIL
61809-79282,OF,Juan,Juan Soto,Soto,11.960975460889863,82,4200,MIA@WSH,WSH,MIA,,,,,3,OF/UTIL
61809-14562,2B,Jose,Jose Altuve,Altuve,12.996249389648437,80,4100,CLE@HOU,HOU,CLE,,,,,1,2B/UTIL
61809-65881,SS,Trea,Trea Turner,Turner,12.547726717862217,88,4100,MIA@WSH,WSH,MIA,,,,,2,SS/UTIL
61809-21705,2B/SS,Marcus,Marcus Semien,Semien,13.123595505617978,89,4100,BOS@TOR,TOR,BOS,,,,,1,2B/SS/UTIL
61809-13540,OF,J.D.,J.D. Martinez,Martinez,12.573563499012213,87,4100,BOS@TOR,BOS,TOR,,,,,5,OF/UTIL
61809-79159,1B/OF,Cody,Cody Bellinger,Bellinger,8.721621951541385,37,4100,SF@LAD,LAD,SF,,,,,,C/1B/OF/UTIL
61809-21885,SS,Javier,Javier Baez,Baez,11.2963413145484,82,4100,CHC@STL,CHC,STL,,,,,3,SS/UTIL
61809-38976,3B,Jose,Jose Ramirez,Ramirez,12.026190621512276,84,4000,CLE@HOU,CLE,HOU,,,,,3,3B/UTIL
61809-6312,3B,Justin,Justin Turner,Turner,11.331034342447916,87,4000,SF@LAD,LAD,SF,,,,,,3B/UTIL
61809-38321,OF,Joey,Joey Gallo,Gallo,12.110344546964798,87,3900,TEX@DET,TEX,DET,,,,,4,OF/UTIL
61809-12968,1B,Paul,Paul Goldschmidt,Goldschmidt,10.483516483516484,91,3800,CHC@STL,STL,CHC,,,,,2,C/1B/UTIL
61809-82614,1B,Pete,Pete Alonso,Alonso,10.23125,80,3800,NYM@CIN,NYM,CIN,,,,,2,C/1B/UTIL
61809-68585,3B,Rafael,Rafael Devers,Devers,12.733333333333333,90,3800,BOS@TOR,BOS,TOR,,,,,4,3B/UTIL
61809-38561,2B/OF,Chris,Chris Taylor,Taylor,11.104494244864817,89,3800,SF@LAD,LAD,SF,,,,,,2B/OF/UTIL
61809-16983,OF,George,George Springer,Springer,10.547826352326766,23,3700,BOS@TOR,TOR,BOS,,,,,4,OF/UTIL
61809-82536,OF,Cedric,Cedric Mullins,Mullins,11.710988474416208,91,3700,BAL@TB,BAL,TB,,,,,0,OF/UTIL
61809-12970,OF,AJ,AJ Pollock,Pollock,9.301492719507928,67,3700,SF@LAD,LAD,SF,,,,,,OF/UTIL
61809-52147,3B/OF,Kris,Kris Bryant,Bryant,10.939286004929315,84,3700,CHC@STL,CHC,STL,,,,,4,3B/OF/UTIL
61809-68587,2B,Ozzie,Ozzie Albies,Albies,12.13888888888889,90,3700,SD@ATL,ATL,SD,,,,,4,2B/UTIL
61809-13423,OF,Starling,Starling Marte,Marte,13.067856924874443,56,3700,MIA@WSH,MIA,WSH,,,,,0,OF/UTIL
61809-13929,3B,Manny,Manny Machado,Machado,12.126136086203836,88,3700,SD@ATL,SD,ATL,,,,,4,3B/UTIL
61809-82575,OF,Yordan,Yordan Alvarez,Alvarez,11.799999682934253,77,3600,CLE@HOU,HOU,CLE,,,,,4,OF/UTIL
61809-82654,SS,Bo,Bo Bichette,Bichette,12.562921073999298,89,3600,BOS@TOR,TOR,BOS,,,,,2,SS/UTIL
61809-13342,OF,Nick,Nick Castellanos,Castellanos,12.768235868566176,85,3600,NYM@CIN,CIN,NYM,DTD,Wrist,,,0,OF/UTIL
61809-104483,1B,Jared,Jared Walsh,Walsh,11.471111382378472,90,3500,LAA@OAK,LAA,OAK,,,,,3,C/1B/UTIL
61809-16952,SS,Francisco,Francisco Lindor,Lindor,9.422988365436423,87,3500,NYM@CIN,NYM,CIN,IL,Oblique,,,0,SS/UTIL
61809-12933,OF,Mike,Mike Trout,Trout,12.627777947319878,36,3500,LAA@OAK,LAA,OAK,IL,Calf,,,0,OF/UTIL
61809-68586,SS,Dansby,Dansby Swanson,Swanson,9.41521752398947,92,3500,SD@ATL,ATL,SD,,,,,2,SS/UTIL
61809-79125,OF,Kyle,Kyle Tucker,Tucker,11.244444293740354,81,3500,CLE@HOU,HOU,CLE,,,,,6,OF/UTIL
61809-79175,OF,Trent,Trent Grisham,Grisham,11.364179468866604,67,3500,SD@ATL,SD,ATL,,,,,7,OF/UTIL
61809-79401,C,Will,Will Smith,Smith,9.635526155170641,76,3500,SF@LAD,LAD,SF,,,,,,C/1B/UTIL
61809-84133,OF,Franmil,Franmil Reyes,Reyes,12.20800048828125,50,3400,CLE@HOU,CLE,HOU,,,,,4,OF/UTIL
61809-52170,1B/OF,Dominic,Dominic Smith,Smith,7.974418462708939,86,3400,NYM@CIN,NYM,CIN,,,,,4,C/1B/OF/UTIL
61809-83155,OF,Ramon,Ramon Laureano,Laureano,10.409459294499579,74,3400,LAA@OAK,OAK,LAA,,,,,,OF/UTIL
61809-21853,2B/OF,Ketel,Ketel Marte,Marte,11.508332994249132,36,3400,PIT@ARI,ARI,PIT,IL,Hamstring,,,0,2B/OF/UTIL
61809-118210,1B/2B,Jake,Jake Cronenworth,Cronenworth,10.56170199779754,94,3400,SD@ATL,SD,ATL,,,,,3,C/1B/2B/UTIL
61809-38412,SS,Corey,Corey Seager,Seager,10.783783783783784,37,3400,SF@LAD,LAD,SF,IL,Hand,,,,SS/UTIL
61809-38614,SS,Carlos,Carlos Correa,Correa,11.770238240559896,84,3400,CLE@HOU,HOU,CLE,,,,,5,SS/UTIL
61809-53033,OF,Mike,Mike Yastrzemski,Yastrzemski,10.800000164959881,74,3400,SF@LAD,SF,LAD,,,,,,OF/UTIL
61809-6273,OF,Michael,Michael Brantley,Brantley,10.405633630886884,71,3300,CLE@HOU,HOU,CLE,,,,,2,OF/UTIL
61809-54068,OF,Hunter,Hunter Renfroe,Renfroe,9.663414931878812,82,3300,BOS@TOR,BOS,TOR,,,,,7,OF/UTIL
61809-60631,OF,Kyle,Kyle Schwarber,Schwarber,12.318055894639757,72,3300,MIA@WSH,WSH,MIA,IL,Hamstring,,,0,OF/UTIL
61809-73023,OF,Teoscar,Teoscar Hernandez,Hernandez,11.394285365513392,70,3300,BOS@TOR,TOR,BOS,,,,,5,OF/UTIL
61809-13719,3B,Nolan,Nolan Arenado,Arenado,10.226373358087224,91,3300,CHC@STL,STL,CHC,,,,,0,3B/UTIL
61809-85520,OF,Adolis,Adolis Garcia,Garcia,11.501204525131778,83,3300,TEX@DET,TEX,DET,,,,,3,OF/UTIL
61809-6029,2B/3B,Jed,Jed Lowrie,Lowrie,8.908989038360254,89,3300,LAA@OAK,OAK,LAA,,,,,,2B/3B/UTIL
61809-38872,OF,Jesse,Jesse Winker,Winker,11.974117503446692,85,3300,NYM@CIN,CIN,NYM,,,,,2,OF/UTIL
61809-53401,1B/OF,Trey,Trey Mancini,Mancini,10.51123595505618,89,3200,BAL@TB,BAL,TB,,,,,2,C/1B/OF/UTIL
61809-16947,2B/1B,Jonathan,Jonathan Schoop,Schoop,10.39999972568469,89,3200,TEX@DET,DET,TEX,,,,,2,C/1B/2B/UTIL
61809-17097,OF,Brandon,Brandon Nimmo,Nimmo,9.929411944221048,34,3200,NYM@CIN,NYM,CIN,,,,,1,OF/UTIL
61809-68544,3B,Matt,Matt Chapman,Chapman,8.66739156971807,92,3200,LAA@OAK,OAK,LAA,,,,,,3B/UTIL
61809-68547,OF,Tyler,Tyler O'Neill,O'Neill,10.687323771731954,71,3200,CHC@STL,STL,CHC,,,,,4,OF/UTIL
61809-79272,OF,Lourdes,Lourdes Gurriel Jr.,Gurriel Jr.,8.561728395061728,81,3200,BOS@TOR,TOR,BOS,,,,,8,OF/UTIL
61809-85504,2B/OF,Brandon,Brandon Lowe,Lowe,10.632941032858456,85,3200,BAL@TB,TB,BAL,,,,,1,2B/OF/UTIL
61809-13854,OF,Robbie,Robbie Grossman,Grossman,10.678409229625355,88,3200,TEX@DET,DET,TEX,,,,,3,OF/UTIL
61809-80462,SS,Paul,Paul DeJong,DeJong,8.56769268329327,65,3100,CHC@STL,STL,CHC,,,,,7,SS/UTIL
61809-12940,1B,Anthony,Anthony Rizzo,Rizzo,9.141463116901678,82,3100,CHC@STL,CHC,STL,,,,,2,C/1B/UTIL
61809-12961,SS,Brandon,Brandon Crawford,Crawford,11.631707168206937,82,3100,SF@LAD,SF,LAD,,,,,,SS/UTIL
61809-52180,OF,Austin,Austin Meadows,Meadows,11.412643958782327,87,3100,BAL@TB,TB,BAL,,,,,4,OF/UTIL
61809-79074,3B,Austin,Austin Riley,Riley,9.67142830314217,91,3100,SD@ATL,ATL,SD,,,,,5,3B/UTIL
61809-38117,OF,Adam,Adam Duvall,Duvall,10.414814513406636,81,3100,MIA@WSH,MIA,WSH,,,,,4,OF/UTIL
61809-79156,2B/SS,David,David Fletcher,Fletcher,8.997701009114584,87,3100,LAA@OAK,LAA,OAK,,,,,1,2B/SS/UTIL
61809-79230,OF,Bryan,Bryan Reynolds,Reynolds,11.481111653645833,90,3100,PIT@ARI,PIT,ARI,,,,,3,OF/UTIL
61809-13792,2B/OF,Kike,Kike Hernandez,Hernandez,9.225640712640224,78,3100,BOS@TOR,BOS,TOR,,,,,1,2B/OF/UTIL
61809-13864,OF,Joc,Joc Pederson,Pederson,9.298684371145148,76,3100,SD@ATL,ATL,SD,,,,,1,OF/UTIL
61809-13909,OF,Randal,Randal Grichuk,Grichuk,9.933333473644037,87,3100,BOS@TOR,TOR,BOS,,,,,6,OF/UTIL
61809-6197,OF,Justin,Justin Upton,Upton,10.666666666666666,63,3000,LAA@OAK,LAA,OAK,IL,Back,,,0,OF/UTIL
61809-53586,OF,David,David Peralta,Peralta,8.07840936834162,88,3000,PIT@ARI,ARI,PIT,,,,,5,OF/UTIL
61809-82527,2B/SS,Jazz,Jazz Chisholm Jr.,Chisholm Jr.,10.422856794084822,70,3000,MIA@WSH,MIA,WSH,IL,Shoulder,,,0,2B/SS/UTIL
61809-113309,2B/SS,Josh,Josh Rojas,Rojas,8.960000271267361,90,3000,PIT@ARI,ARI,PIT,,,,,1,2B/SS/UTIL
61809-68522,3B,Alex,Alex Bregman,Bregman,10.684746176509535,59,3000,CLE@HOU,HOU,CLE,IL,Quadriceps,,,0,3B/UTIL
61809-13239,3B/2B,Eduardo,Eduardo Escobar,Escobar,10.369230500944369,91,3000,PIT@ARI,ARI,PIT,,,,,3,2B/3B/UTIL
61809-38016,1B,Jesus,Jesus Aguilar,Aguilar,9.957303507944172,89,3000,MIA@WSH,MIA,WSH,,,,,3,C/1B/UTIL
61809-21666,OF,Mark,Mark Canha,Canha,11.453947368421053,76,3000,LAA@OAK,OAK,LAA,,,,,,OF/UTIL
61809-13487,OF,Tommy,Tommy Pham,Pham,9.951086956521738,92,3000,SD@ATL,SD,ATL,,,,,1,OF/UTIL
61809-70898,2B/OF,Adam,Adam Frazier,Frazier,10.001086691151494,92,3000,PIT@ARI,PIT,ARI,,,,,0,2B/OF/UTIL
61809-79165,2B/SS,Gavin,Gavin Lux,Lux,8.076829119426447,82,3000,SF@LAD,LAD,SF,DTD,Hamstring,,,,2B/SS/UTIL
61809-21887,C,Willson,Willson Contreras,Contreras,9.109638260071536,83,3000,CHC@STL,CHC,STL,,,,,1,C/1B/UTIL
61809-17012,C,Curt,Curt Casali,Casali,6.877272865988991,44,2900,SF@LAD,SF,LAD,,,,,,C/1B/UTIL
61809-5177,1B,Albert,Albert Pujols,Pujols,7.64999990752249,66,2900,SF@LAD,LAD,SF,,,,,,C/1B/UTIL
61809-38040,OF,Eddie,Eddie Rosario,Rosario,8.98441542588271,77,2900,CLE@HOU,CLE,HOU,IL,Abdomen,,,0,OF/UTIL
61809-83182,C/OF,Eric,Eric Haase,Haase,10.415555826822917,45,2900,TEX@DET,DET,TEX,,,,,6,C/1B/OF/UTIL
61809-85261,OF,Randy,Randy Arozarena,Arozarena,10.316470875459558,85,2900,BAL@TB,TB,BAL,,,,,5,OF/UTIL
61809-85260,3B,Patrick,Patrick Wisdom,Wisdom,9.16086943253227,46,2900,CHC@STL,CHC,STL,,,,,6,3B/UTIL
61809-5488,1B,Joey,Joey Votto,Votto,9.959375381469727,64,2900,NYM@CIN,CIN,NYM,,,,,4,C/1B/UTIL
61809-108450,2B/OF,Tommy,Tommy Edman,Edman,8.916483784769918,91,2900,CHC@STL,STL,CHC,,,,,6,2B/OF/UTIL
61809-6292,1B,Buster,Buster Posey,Posey,10.96551724137931,58,2800,SF@LAD,SF,LAD,IL,Thumb,,,,C/1B/UTIL
61809-16951,3B,Anthony,Anthony Rendon,Rendon,9.220689444706357,58,2800,LAA@OAK,LAA,OAK,IL,Hamstring,,,0,3B/UTIL
61809-82611,OF,Akil,Akil Baddoo,Baddoo,9.42638905843099,72,2800,TEX@DET,DET,TEX,,,,,1,OF/UTIL
61809-68525,3B/OF,J.D.,J.D. Davis,Davis,11.170587876263786,17,2800,NYM@CIN,NYM,CIN,,,,,5,3B/OF/UTIL
61809-13354,2B,Cesar,Cesar Hernandez,Hernandez,9.733720646348111,86,2800,CLE@HOU,CLE,HOU,,,,,1,2B/UTIL
61809-5181,C,Yadier,Yadier Molina,Molina,8.340845242352552,71,2800,CHC@STL,STL,CHC,,,,,5,C/1B/UTIL
61809-13436,C,Max,Max Stassi,Stassi,9.572499847412109,40,2800,LAA@OAK,LAA,OAK,,,,,0,C/1B/UTIL
61809-60642,OF,Michael,Michael Conforto,Conforto,7.507272616299716,55,2800,NYM@CIN,NYM,CIN,,,,,6,OF/UTIL
61809-79120,1B/3B,Yandy,Yandy Diaz,Diaz,8.574683853342563,79,2800,BAL@TB,TB,BAL,,,,,3,C/1B/3B/UTIL
61809-79160,OF,Alex,Alex Verdugo,Verdugo,9.825581395348838,86,2800,BOS@TOR,BOS,TOR,,,,,6,OF/UTIL
61809-79216,3B,Ke'Bryan,Ke'Bryan Hayes,Hayes,9.4,40,2800,PIT@ARI,PIT,ARI,,,,,2,3B/UTIL
61809-14000,OF,Darin,Darin Ruf,Ruf,7.4338708692981355,62,2800,SF@LAD,SF,LAD,,,,,,OF/UTIL
61809-81953,OF,Austin,Austin Hays,Hays,9.51774154170867,62,2700,BAL@TB,BAL,TB,,,,,1,OF/UTIL
61809-12900,1B,Brandon,Brandon Belt,Belt,10.236363636363636,55,2700,SF@LAD,SF,LAD,IL,Knee,,,,C/1B/UTIL
61809-12931,OF,Wil,Wil Myers,Myers,8.731764849494486,85,2700,SD@ATL,SD,ATL,,,,,6,OF/UTIL
61809-11129,OF,Jason,Jason Heyward,Heyward,6.824637592702672,69,2700,CHC@STL,CHC,STL,,,,,5,OF/UTIL
61809-52168,1B/3B,Colin,Colin Moran,Moran,7.44285739198023,49,2700,PIT@ARI,PIT,ARI,IL,Wrist,,,0,C/1B/3B/UTIL
61809-70665,C,Jacob,Jacob Stallings,Stallings,8.486956167912137,69,2700,PIT@ARI,PIT,ARI,,,,,6,C/1B/UTIL
61809-13390,SS,Miguel,Miguel Rojas,Rojas,8.897183270521566,71,2700,MIA@WSH,MIA,WSH,,,,,1,SS/UTIL
61809-5221,1B/3B,Asdrubal,Asdrubal Cabrera,Cabrera,7.777777777777778,63,2700,PIT@ARI,ARI,PIT,IL,Hamstring,,,0,C/1B/3B/UTIL
61809-79136,OF,Daz,Daz Cameron,Cameron,9.900000179515166,17,2700,TEX@DET,DET,TEX,IL,Toe,,,0,OF/UTIL
61809-79249,OF,Harrison,Harrison Bader,Bader,9.408823349896599,34,2700,CHC@STL,STL,CHC,,,,,8,OF/UTIL
61809-101820,1B/OF,Matt,Matt Beaty,Beaty,5.3881578947368425,76,2700,SF@LAD,LAD,SF,,,,,,C/1B/OF/UTIL
61809-5607,3B,Evan,Evan Longoria,Longoria,10.49199951171875,50,2700,SF@LAD,SF,LAD,IL,Shoulder,,,,3B/UTIL
61809-71507,1B,Yuli,Yuli Gurriel,Gurriel,10.47441846270894,86,2700,CLE@HOU,HOU,CLE,,,,,3,C/1B/UTIL
61809-102308,2B/3B,Jonathan,Jonathan India,India,9.836585068121188,82,2700,NYM@CIN,CIN,NYM,,,,,1,2B/3B/UTIL
61809-79884,OF,Anthony,Anthony Santander,Santander,7.576666768391927,60,2600,BAL@TB,BAL,TB,,,,,4,OF/UTIL
61809-135239,SS,Rodolfo,Rodolfo Castro,Castro,9.82857186453683,7,2600,PIT@ARI,PIT,ARI,,,,,0,SS/UTIL
61809-73871,C,Carson,Carson Kelly,Kelly,9.347999877929688,50,2600,PIT@ARI,ARI,PIT,IL,Wrist,,,0,C/1B/UTIL
61809-16981,C,Yan,Yan Gomes,Gomes,8.873770291688013,61,2600,MIA@WSH,WSH,MIA,IL,Oblique,,,0,C/1B/UTIL
61809-12928,1B,Eric,Eric Hosmer,Hosmer,8.621838799838361,87,2600,SD@ATL,SD,ATL,,,,,5,C/1B/UTIL
61809-21165,C,Roberto,Roberto Perez,Perez,8.903846153846153,26,2600,CLE@HOU,CLE,HOU,,,,,8,C/1B/UTIL
61809-13430,2B/3B/SS,Jonathan,Jonathan Villar,Villar,7.874647543463908,71,2600,NYM@CIN,NYM,CIN,,,,,0,2B/3B/SS/UTIL
61809-21633,3B/SS,Eugenio,Eugenio Suarez,Suarez,9.023595231302668,89,2600,NYM@CIN,CIN,NYM,,,,,6,3B/SS/UTIL
61809-54401,OF,Manuel,Manuel Margot,Margot,9.097368742290296,76,2600,BAL@TB,TB,BAL,IL,Hamstring,,,0,OF/UTIL
61809-79092,2B/OF,Ian,Ian Happ,Happ,6.473750305175781,80,2600,CHC@STL,CHC,STL,,,,,0,2B/OF/UTIL
61809-79121,1B,Bobby,Bobby Bradley,Bradley,11.105882532456341,34,2600,CLE@HOU,CLE,HOU,,,,,5,C/1B/UTIL
61809-85307,2B/3B,Jeff,Jeff McNeil,McNeil,6.748214176722935,56,2600,NYM@CIN,NYM,CIN,,,,,3,2B/3B/UTIL
61809-13771,2B/3B,Josh,Josh Harrison,Harrison,8.617500305175781,80,2600,MIA@WSH,WSH,MIA,,,,,5,2B/3B/UTIL
61809-118218,2B,Zach,Zach McKinstry,McKinstry,7.943749745686849,48,2600,SF@LAD,LAD,SF,,,,,,2B/UTIL
61809-71182,1B/3B,Jeimer,Jeimer Candelario,Candelario,8.396428426106771,84,2600,TEX@DET,DET,TEX,,,,,5,C/1B/3B/UTIL
61809-12168,2B,Starlin,Starlin Castro,Castro,7.413793103448276,87,2600,MIA@WSH,WSH,MIA,O,Personal,,,0,2B/UTIL
61809-135216,OF,Chas,Chas McCormick,McCormick,8.619298031455592,57,2500,CLE@HOU,HOU,CLE,,,,,7,OF/UTIL
61809-135274,OF,Zach,Zach Reks,Reks,2.133333365122477,3,2500,SF@LAD,LAD,SF,,,,,,OF/UTIL
61809-135290,1B,John,John Nogowski,Nogowski,4.9586207948882,29,2500,PIT@ARI,PIT,ARI,,,,,4,C/1B/UTIL
61809-12462,1B,Mitch,Mitch Moreland,Moreland,6.566666666666666,60,2500,LAA@OAK,OAK,LAA,,,,,,C/1B/UTIL
61809-102621,SS,Wander,Wander Franco,Franco,10.01111094156901,18,2500,BAL@TB,TB,BAL,,,,,0,SS/UTIL
61809-72261,OF,Guillermo,Guillermo Heredia,Heredia,8.003226003339213,62,2500,SD@ATL,ATL,SD,,,,,8,OF/UTIL
61809-82593,C,Keibert,Keibert Ruiz,Ruiz,3.116666793823242,6,2500,SF@LAD,LAD,SF,,,,,,C/1B/UTIL
61809-82624,C,Sean,Sean Murphy,Murphy,8.820779379312095,77,2500,LAA@OAK,OAK,LAA,,,,,,C/1B/UTIL
61809-53994,1B,Josh,Josh Bell,Bell,9.193421213250412,76,2500,MIA@WSH,WSH,MIA,,,,,4,C/1B/UTIL
61809-70453,SS,Andy,Andy Burns,Burns,3.3777777353922525,9,2500,SF@LAD,LAD,SF,,,,,,SS/UTIL
61809-52178,3B,Maikel,Maikel Franco,Franco,7.979221096286526,77,2500,BAL@TB,BAL,TB,IL,Ankle,,,0,3B/UTIL
61809-5118,1B,Miguel,Miguel Cabrera,Cabrera,7.694285365513393,70,2500,TEX@DET,DET,TEX,,,,,4,C/1B/UTIL
61809-37983,C,Mike,Mike Zunino,Zunino,9.828125,64,2500,BAL@TB,TB,BAL,,,,,7,C/1B/UTIL
61809-81046,1B/OF,Garrett,Garrett Cooper,Cooper,8.725352112676056,71,2500,MIA@WSH,MIA,WSH,IL,Elbow,,,0,C/1B/OF/UTIL
61809-79082,1B/OF,Ryan,Ryan Mountcastle,Mountcastle,9.279069767441861,86,2500,BAL@TB,BAL,TB,,,,,3,C/1B/OF/UTIL
61809-85277,2B/3B,Cavan,Cavan Biggio,Biggio,7.9393939393939394,66,2500,BOS@TOR,TOR,BOS,,,,,7,2B/3B/UTIL
61809-38218,1B,Christian,Christian Walker,Walker,7.515517136146283,58,2500,PIT@ARI,ARI,PIT,,,,,4,C/1B/UTIL
61809-38249,OF,Steven,Steven Souza Jr.,Souza Jr.,3.8000001173753004,13,2500,SF@LAD,LAD,SF,,,,,,OF/UTIL
61809-21890,SS,Orlando,Orlando Arcia,Arcia,6.985714503696987,14,2500,SD@ATL,ATL,SD,,,,,0,SS/UTIL
61809-38297,C,Austin,Austin Barnes,Barnes,6.097916920979817,48,2500,SF@LAD,LAD,SF,,,,,,C/1B/UTIL
61809-79278,2B/3B,Sheldon,Sheldon Neuse,Neuse,3.4357141767229353,28,2500,SF@LAD,LAD,SF,,,,,,2B/3B/UTIL
61809-101821,1B/3B,Edwin,Edwin Rios,Rios,2.5720001220703126,25,2500,SF@LAD,LAD,SF,IL,Shoulder,,,,C/1B/3B/UTIL
61809-13858,C,Christian,Christian Vazquez,Vazquez,7.714633848608994,82,2500,BOS@TOR,BOS,TOR,DTD,Knee,,,0,C/1B/UTIL
61809-79400,OF,Dylan,Dylan Carlson,Carlson,8.48021991436298,91,2500,CHC@STL,STL,CHC,,,,,1,OF/UTIL
61809-81506,OF,Jordan,Jordan Luplow,Luplow,8.51111094156901,36,2500,CLE@HOU,CLE,HOU,IL,Ankle,,,0,OF/UTIL
61809-118408,3B/OF,Yoshi,Yoshi Tsutsugo,Tsutsugo,3.9184208920127466,38,2500,SF@LAD,LAD,SF,,,,,,3B/OF/UTIL
61809-102301,2B/SS,Nico,Nico Hoerner,Hoerner,8.133333333333333,30,2500,CHC@STL,CHC,STL,,,,,0,2B/SS/UTIL
61809-102341,OF,DJ,DJ Peters,Peters,4.666666666666667,18,2500,SF@LAD,LAD,SF,,,,,,OF/UTIL
61809-102363,OF,Luke,Luke Raley,Raley,2.7259258694118924,27,2500,SF@LAD,LAD,SF,,,,,,OF/UTIL
61809-82555,3B/SS,Willi,Willi Castro,Castro,7.537837672877956,74,2400,TEX@DET,DET,TEX,,,,,0,3B/SS/UTIL
61809-21158,C,John,John Hicks,Hicks,12.149999618530273,8,2400,TEX@DET,TEX,DET,,,,,0,C/1B/UTIL
61809-82620,2B/OF,Nick,Nick Solak,Solak,8.173033982180478,89,2400,TEX@DET,TEX,DET,,,,,0,2B/OF/UTIL
61809-17171,C,James,James McCann,McCann,6.4714284128956985,77,2400,NYM@CIN,NYM,CIN,,,,,0,C/1B/UTIL
61809-13102,2B/SS,Freddy,Freddy Galvis,Galvis,8.11388905843099,72,2400,BAL@TB,BAL,TB,IL,Quadriceps,,,0,2B/SS/UTIL
61809-17198,2B/3B,Tommy,Tommy La Stella,La Stella,5.324000244140625,25,2400,SF@LAD,SF,LAD,IL,Hamstring,,,,2B/3B/UTIL
61809-68531,3B,Brian,Brian Anderson,Anderson,7.774285888671875,35,2400,MIA@WSH,MIA,WSH,IL,Shoulder,,,0,3B/UTIL
61809-52187,1B,Ji-Man,Ji-Man Choi,Choi,8.646154159154648,39,2400,BAL@TB,TB,BAL,,,,,2,C/1B/UTIL
61809-68589,SS/OF,Amed,Amed Rosario,Rosario,8.270731856183309,82,2400,CLE@HOU,CLE,HOU,,,,,2,SS/OF/UTIL
61809-82977,3B/SS,Isiah,Isiah Kiner-Falefa,Kiner-Falefa,8.64516129032258,93,2400,TEX@DET,TEX,DET,,,,,8,3B/SS/UTIL
61809-11322,2B/3B,Mike,Mike Moustakas,Moustakas,8.910714285714286,28,2400,NYM@CIN,CIN,NYM,IL,Heel,,,0,2B/3B/UTIL
61809-13422,OF,Jake,Jake Marisnick,Marisnick,5.652631793105812,57,2400,CHC@STL,CHC,STL,,,,,0,OF/UTIL
61809-60652,2B,Christian,Christian Arroyo,Arroyo,8.314000244140624,50,2400,BOS@TOR,BOS,TOR,IL,Hamstring,,,0,2B/UTIL
61809-5359,SS,Elvis,Elvis Andrus,Andrus,6.414130169412364,92,2400,LAA@OAK,OAK,LAA,,,,,,SS/UTIL
61809-85249,1B/3B,Bobby,Bobby Dalbec,Dalbec,7.426666666666667,75,2400,BOS@TOR,BOS,TOR,,,,,0,C/1B/3B/UTIL
61809-85285,1B,Nate,Nate Lowe,Lowe,9.423076923076923,91,2400,TEX@DET,TEX,DET,,,,,2,C/1B/UTIL
61809-79151,3B,Taylor,Taylor Ward,Ward,8.913114954213627,61,2400,LAA@OAK,LAA,OAK,,,,,0,3B/UTIL
61809-5445,SS,Alcides,Alcides Escobar,Escobar,10.658333460489908,12,2400,MIA@WSH,WSH,MIA,,,,,1,SS/UTIL
61809-13638,2B/3B,Wilmer,Wilmer Flores,Flores,7.382716049382716,81,2400,SF@LAD,SF,LAD,,,,,,2B/3B/UTIL
61809-79181,SS/OF,Mauricio,Mauricio Dubon,Dubon,5.206060698538115,66,2400,SF@LAD,SF,LAD,,,,,,SS/OF/UTIL
61809-79218,2B/SS,Kevin,Kevin Newman,Newman,5.350000070971112,86,2400,PIT@ARI,PIT,ARI,,,,,1,2B/SS/UTIL
61809-101850,2B,Ramon,Ramon Urias,Urias,7.344999694824219,40,2400,BAL@TB,BAL,TB,,,,,5,2B/UTIL
61809-13924,OF,Kole,Kole Calhoun,Calhoun,7.233333163791233,18,2400,PIT@ARI,ARI,PIT,,,,,2,OF/UTIL
61809-116339,3B,Abraham,Abraham Toro,Toro,8.583333333333334,30,2400,CLE@HOU,HOU,CLE,,,,,0,3B/UTIL
61809-81924,2B/SS,Niko,Niko Goodrum,Goodrum,7.993650890531994,63,2300,TEX@DET,DET,TEX,IL,Calf,,,0,2B/SS/UTIL
61809-102418,2B,Eli,Eli White,White,6.63076899601863,52,2300,TEX@DET,TEX,DET,,,,,6,2B/UTIL
61809-81980,3B,Phillip,Phillip Evans,Evans,6.4491525423728815,59,2300,PIT@ARI,PIT,ARI,,,,,8,3B/UTIL
61809-73832,3B/SS,Joey,Joey Wendle,Wendle,9.415384928385416,78,2300,BAL@TB,TB,BAL,,,,,6,3B/SS/UTIL
61809-65991,C,Pedro,Pedro Severino,Severino,6.693650987413195,63,2300,BAL@TB,BAL,TB,,,,,6,C/1B/UTIL
61809-82530,1B/OF,Pavin,Pavin Smith,Smith,7.91888902452257,90,2300,PIT@ARI,ARI,PIT,,,,,6,C/1B/OF/UTIL
61809-80485,OF,Austin,Austin Slater,Slater,6.1636364429028,77,2300,SF@LAD,SF,LAD,,,,,,OF/UTIL
61809-12919,SS,Jose,Jose Iglesias,Iglesias,8.283333020332533,78,2300,LAA@OAK,LAA,OAK,,,,,7,SS/UTIL
61809-82596,C,Jake,Jake Rogers,Rogers,8.44473668148643,38,2300,TEX@DET,DET,TEX,,,,,9,C/1B/UTIL
61809-68471,2B/OF,Tony,Tony Kemp,Kemp,6.980822001418022,73,2300,LAA@OAK,OAK,LAA,,,,,,2B/OF/UTIL
61809-68563,OF,Victor,Victor Robles,Robles,6.09625015258789,80,2300,MIA@WSH,WSH,MIA,,,,,0,OF/UTIL
61809-97257,OF,Myles,Myles Straw,Straw,8.151685393258427,89,2300,CLE@HOU,HOU,CLE,,,,,0,OF/UTIL
61809-13706,OF,Adam,Adam Eaton,Eaton,8.077419157951109,62,2300,LAA@OAK,LAA,OAK,,,,,8,OF/UTIL
61809-101787,OF,LaMonte,LaMonte Wade Jr.,Wade Jr.,8.899999709356399,42,2300,SF@LAD,SF,LAD,,,,,,OF/UTIL
61809-13917,OF,Juan,Juan Lagares,Lagares,6.586666870117187,60,2300,LAA@OAK,LAA,OAK,,,,,0,OF/UTIL
61809-135190,SS,Taylor,Taylor Walls,Walls,6.972222222222222,36,2200,BAL@TB,TB,BAL,,,,,9,SS/UTIL
61809-135227,2B,Jose,Jose Rojas,Rojas,6.321738865064538,46,2200,LAA@OAK,LAA,OAK,,,,,0,2B/UTIL
61809-102584,C,Tres,Tres Barrera,Barrera,6.728571210588727,7,2200,MIA@WSH,WSH,MIA,,,,,8,C/1B/UTIL
61809-53725,1B,Renato,Renato Nunez,Nunez,9.785714285714286,7,2200,TEX@DET,DET,TEX,,,,,0,C/1B/UTIL
61809-119311,OF,Jarren,Jarren Duran,Duran,4.599999904632568,2,2200,BOS@TOR,BOS,TOR,,,,,2,OF/UTIL
61809-70277,C,Kevan,Kevan Smith,Smith,4.803999938964844,25,2200,SD@ATL,ATL,SD,,,,,0,C/1B/UTIL
61809-82644,OF,Jesus,Jesus Sanchez,Sanchez,7.682608562967052,23,2200,MIA@WSH,MIA,WSH,IL,Undisclosed,,,0,OF/UTIL
61809-53993,OF,Harold,Harold Ramirez,Ramirez,8.091379099878772,58,2200,CLE@HOU,CLE,HOU,,,,,6,OF/UTIL
61809-13034,SS/OF,Charlie,Charlie Culberson,Culberson,6.351724032698007,58,2200,TEX@DET,TEX,DET,,,,,0,SS/OF/UTIL
61809-68478,2B/OF,Chad,Chad Pinder,Pinder,5.8847828740658965,46,2200,LAA@OAK,OAK,LAA,IL,Hamstring,,,,2B/OF/UTIL
61809-5062,1B,Ryan,Ryan Zimmerman,Zimmerman,6.268253871372768,63,2200,MIA@WSH,WSH,MIA,,,,,0,C/1B/UTIL
61809-17382,OF,Gregory,Gregory Polanco,Polanco,7.559722052680121,72,2200,PIT@ARI,PIT,ARI,,,,,0,OF/UTIL
61809-5189,OF,Josh,Josh Reddick,Reddick,6.043181679465554,44,2200,PIT@ARI,ARI,PIT,,,,,0,OF/UTIL
61809-83174,SS,Sergio,Sergio Alcantara,Alcantara,4.783333248562283,36,2200,CHC@STL,CHC,STL,,,,,0,SS/UTIL
61809-83188,3B,Kelvin,Kelvin Gutierrez,Gutierrez,4.847727342085405,44,2200,BAL@TB,BAL,TB,,,,,9,3B/UTIL
61809-21797,2B/OF,Jose,Jose Peraza,Peraza,6.084313486136642,51,2200,NYM@CIN,NYM,CIN,,,,,0,2B/OF/UTIL
61809-79170,OF,Willie,Willie Calhoun,Calhoun,7.459322137347723,59,2200,TEX@DET,TEX,DET,IL,Forearm,,,0,OF/UTIL
61809-79238,OF,Steven,Steven Duggar,Duggar,8.157576127485795,66,2200,SF@LAD,SF,LAD,,,,,,OF/UTIL
61809-38293,OF,Tyler,Tyler Naquin,Naquin,8.874390392768674,82,2200,NYM@CIN,CIN,NYM,,,,,5,OF/UTIL
61809-38299,OF,Kevin,Kevin Pillar,Pillar,6.061428397042411,70,2200,NYM@CIN,NYM,CIN,,,,,0,OF/UTIL
61809-38324,C,Jorge,Jorge Alfaro,Alfaro,5.346938775510204,49,2200,MIA@WSH,MIA,WSH,,,,,5,C/1B/UTIL
61809-38326,OF,Nomar,Nomar Mazara,Mazara,6.177999877929688,50,2200,TEX@DET,DET,TEX,,,,,0,OF/UTIL
61809-81948,SS,Breyvic,Breyvic Valera,Valera,0,1,2100,BOS@TOR,TOR,BOS,,,,,0,SS/UTIL
61809-38952,OF,Alex,Alex Dickerson,Dickerson,6.282353120691636,68,2100,SF@LAD,SF,LAD,,,,,,OF/UTIL
61809-102453,SS,Zack,Zack Short,Short,7.714285714285714,21,2100,TEX@DET,DET,TEX,,,,,0,SS/UTIL
61809-102541,OF,Jared,Jared Oliva,Oliva,4.007692190317007,13,2100,PIT@ARI,PIT,ARI,,,,,0,OF/UTIL
61809-73879,2B/SS,Pat,Pat Valaika,Valaika,3.8383333841959635,60,2100,BAL@TB,BAL,TB,,,,,8,2B/SS/UTIL
61809-82533,OF,Daulton,Daulton Varsho,Varsho,4.56052639609889,38,2100,PIT@ARI,ARI,PIT,,,,,0,OF/UTIL
61809-82655,C,Danny,Danny Jansen,Jansen,5.170833269755046,48,2100,BOS@TOR,TOR,BOS,,,,,0,C/1B/UTIL
61809-70435,OF,Ben,Ben Gamel,Gamel,6.127272634795218,66,2100,PIT@ARI,PIT,ARI,,,,,5,OF/UTIL
61809-13152,1B/3B,Matt,Matt Carpenter,Carpenter,4.260759570930578,79,2100,CHC@STL,STL,CHC,,,,,3,C/1B/3B/UTIL
61809-68470,OF,JaCoby,JaCoby Jones,Jones,4.5083334181043835,36,2100,TEX@DET,DET,TEX,,,,,0,OF/UTIL
61809-101276,2B/3B,Jon,Jon Berti,Berti,6.645678861641589,81,2100,MIA@WSH,MIA,WSH,,,,,2,2B/3B/UTIL
61809-68533,OF,Brett,Brett Phillips,Phillips,6.163513595993455,74,2100,BAL@TB,TB,BAL,,,,,0,OF/UTIL
61809-52153,OF,David,David Dahl,Dahl,6.030188794405955,53,2100,TEX@DET,TEX,DET,,,,,7,OF/UTIL
61809-13253,C,Martin,Martin Maldonado,Maldonado,6.232835911992771,67,2100,CLE@HOU,HOU,CLE,,,,,9,C/1B/UTIL
61809-13262,2B/OF,Jurickson,Jurickson Profar,Profar,6.571590770374645,88,2100,SD@ATL,SD,ATL,,,,,0,2B/OF/UTIL
61809-80848,C,Victor,Victor Caratini,Caratini,6.3276314986379525,76,2100,SD@ATL,SD,ATL,,,,,8,C/1B/UTIL
61809-13304,C,Tucker,Tucker Barnhart,Barnhart,7.535714285714286,70,2100,NYM@CIN,CIN,NYM,,,,,0,C/1B/UTIL
61809-13412,2B/SS,Donovan,Donovan Solano,Solano,7.099999806237599,63,2100,SF@LAD,SF,LAD,,,,,,2B/SS/UTIL
61809-21612,SS,Nick,Nick Ahmed,Ahmed,6.0231706572742,82,2100,PIT@ARI,ARI,PIT,,,,,0,SS/UTIL
61809-83143,OF,Oscar,Oscar Mercado,Mercado,7.013333129882812,15,2100,CLE@HOU,CLE,HOU,,,,,0,OF/UTIL
61809-13520,2B,Phil,Phil Gosselin,Gosselin,6.380434782608695,46,2100,LAA@OAK,LAA,OAK,,,,,4,2B/UTIL
61809-60630,OF,Bradley,Bradley Zimmer,Zimmer,7.7625,40,2100,CLE@HOU,CLE,HOU,,,,,7,OF/UTIL
61809-13535,2B/SS,Ehire,Ehire Adrianza,Adrianza,5.304411944221048,68,2100,SD@ATL,ATL,SD,,,,,0,2B/SS/UTIL
61809-79070,SS,Domingo,Domingo Leyba,Leyba,3.674073961046007,27,2100,BAL@TB,BAL,TB,,,,,0,SS/UTIL
61809-83186,OF,Aristides,Aristides Aquino,Aquino,6.422221996166088,27,2100,NYM@CIN,CIN,NYM,,,,,0,OF/UTIL
61809-85250,OF,Frank,Frank Schwindel,Schwindel,4.737500190734863,8,2100,CHC@STL,CHC,STL,,,,,0,OF/UTIL
61809-79110,C,Tyler,Tyler Stephenson,Stephenson,7.260810645850929,74,2100,NYM@CIN,CIN,NYM,,,,,3,C/1B/UTIL
61809-5473,OF,Gerardo,Gerardo Parra,Parra,5.15,20,2100,MIA@WSH,WSH,MIA,,,,,7,OF/UTIL
61809-38252,OF,Stephen,Stephen Piscotty,Piscotty,5.054386071991503,57,2100,LAA@OAK,OAK,LAA,,,,,,OF/UTIL
61809-13685,3B/OF,Brock,Brock Holt,Holt,6.21,50,2100,TEX@DET,TEX,DET,,,,,1,3B/OF/UTIL
61809-13691,OF,Ender,Ender Inciarte,Inciarte,3.249056546193249,53,2100,SD@ATL,ATL,SD,IL,Not injury related,,,0,OF/UTIL
61809-101817,2B/3B,Luis,Luis Rengifo,Rengifo,5.083333333333333,24,2100,LAA@OAK,LAA,OAK,,,,,0,2B/3B/UTIL
61809-81511,2B/SS,Kyle,Kyle Farmer,Farmer,6.196551443516523,87,2100,NYM@CIN,CIN,NYM,,,,,8,2B/SS/UTIL
61809-13961,OF,Kevin,Kevin Kiermaier,Kiermaier,6.8666668516216856,66,2100,BAL@TB,TB,BAL,,,,,8,OF/UTIL
61809-14019,OF,Abraham,Abraham Almonte,Almonte,7.166666666666667,39,2100,SD@ATL,ATL,SD,,,,,7,OF/UTIL
61809-116450,1B/OF,Seth,Seth Brown,Brown,6.5931505177119005,73,2100,LAA@OAK,OAK,LAA,,,,,,C/1B/OF/UTIL
61809-102406,2B,Vidal,Vidal Brujan,Brujan,2.242857115609305,7,2000,BAL@TB,TB,BAL,,,,,0,2B/UTIL
61809-102411,C,Andrew,Andrew Knizner,Knizner,3.7555554707845054,36,2000,CHC@STL,STL,CHC,,,,,0,C/1B/UTIL
61809-102417,SS,Anderson,Anderson Tejeda,Tejeda,3.0399999618530273,5,2000,TEX@DET,TEX,DET,,,,,0,SS/UTIL
61809-135207,2B,Alex,Alex De Goti,De Goti,9.449999809265137,2,2000,CLE@HOU,HOU,CLE,,,,,0,2B/UTIL
61809-102439,3B,Andrew,Andrew Young,Young,4.944444444444445,36,2000,PIT@ARI,ARI,PIT,,,,,0,3B/UTIL
61809-102438,SS,Geraldo,Geraldo Perdomo,Perdomo,3.799999952316284,4,2000,PIT@ARI,ARI,PIT,,,,,0,SS/UTIL
61809-135223,C,Jakson,Jakson Reetz,Reetz,4.599999904632568,2,2000,MIA@WSH,WSH,MIA,,,,,0,C/1B/UTIL
61809-135224,OF,Yadiel,Yadiel Hernandez,Hernandez,3.0150943972029776,53,2000,MIA@WSH,WSH,MIA,,,,,0,OF/UTIL
61809-135228,C,Jack,Jack Kruger,Kruger,0,1,2000,TEX@DET,TEX,DET,,,,,0,C/1B/UTIL
61809-135242,C,P.J.,P.J. Higgins,Higgins,1.355555534362793,9,2000,CHC@STL,CHC,STL,IL,Forearm,,,0,C/1B/UTIL
61809-102497,OF,Ronnie,Ronnie Dawson,Dawson,4.133333206176758,3,2000,CLE@HOU,HOU,CLE,,,,,0,OF/UTIL
61809-82021,C,Tomas,Tomas Nido,Nido,6.156756839236698,37,2000,NYM@CIN,NYM,CIN,,,,,7,C/1B/UTIL
61809-102504,C,Connor,Connor Wong,Wong,4.599999904632568,4,2000,BOS@TOR,BOS,TOR,,,,,0,C/1B/UTIL
61809-135276,C,Patrick,Patrick Mazeika,Mazeika,3.137500047683716,16,2000,NYM@CIN,NYM,CIN,,,,,0,C/1B/UTIL
61809-135277,OF,Johneshwy,Johneshwy Fargas,Fargas,6.671428680419922,7,2000,NYM@CIN,NYM,CIN,,,,,0,OF/UTIL
61809-135282,OF,Josh,Josh Palacios,Palacios,7.240000152587891,10,2000,BOS@TOR,TOR,BOS,IL,Hand,,,0,OF/UTIL
61809-135284,C,Riley,Riley Adams,Adams,2.2833333015441895,12,2000,BOS@TOR,TOR,BOS,,,,,0,C/1B/UTIL
61809-135307,C,Webster,Webster Rivas,Rivas,5.8599998474121096,20,2000,SD@ATL,SD,ATL,,,,,0,C/1B/UTIL
61809-135305,3B,Tucupita,Tucupita Marcano,Marcano,3.116000061035156,25,2000,SD@ATL,SD,ATL,,,,,0,3B/UTIL
61809-135310,C,Chadwick,Chadwick Tromp,Tromp,3.9000000953674316,8,2000,SF@LAD,SF,LAD,,,,,,C/1B/UTIL
61809-135314,SS,Ernie,Ernie Clement,Clement,3.8687500953674316,16,2000,CLE@HOU,CLE,HOU,,,,,0,SS/UTIL
61809-73875,OF,Jose,Jose Martinez,Martinez,5.147058823529412,34,2000,NYM@CIN,NYM,CIN,IL,Knee,,,0,OF/UTIL
61809-102550,C,Luis,Luis Campusano,Campusano,2.227272727272727,11,2000,SD@ATL,SD,ATL,,,,,0,C/1B/UTIL
61809-116888,OF,Jaylin,Jaylin Davis,Davis,1.8399999618530274,5,2000,SF@LAD,SF,LAD,IL,Hamstring,,,,OF/UTIL
61809-102577,SS,Santiago,Santiago Espinal,Espinal,5.337255141314338,51,2000,BOS@TOR,TOR,BOS,,,,,0,SS/UTIL
61809-39090,3B/SS,Erik,Erik Gonzalez,Gonzalez,5.09718301262654,71,2000,PIT@ARI,PIT,ARI,IL,Side,,,0,3B/SS/UTIL
61809-104629,SS,Jack,Jack Mayfield,Mayfield,3.6818181818181817,22,2000,LAA@OAK,LAA,OAK,,,,,9,SS/UTIL
61809-145590,3B,Jason,Jason Vosler,Vosler,5.5225805467174895,31,2000,SF@LAD,SF,LAD,,,,,,3B/UTIL
61809-53476,OF,Scott,Scott Schebler,Schebler,2.3999998910086497,14,2000,LAA@OAK,LAA,OAK,,,,,0,OF/UTIL
61809-149732,OF,Hunter,Hunter Owen,Owen,1,3,2000,PIT@ARI,PIT,ARI,,,,,0,OF/UTIL
61809-12593,2B/3B,Eric,Eric Sogard,Sogard,3.7960001627604165,75,2000,CHC@STL,CHC,STL,,,,,8,2B/3B/UTIL
61809-110911,OF,Robel,Robel Garcia,Garcia,3.3837837013038428,37,2000,CLE@HOU,HOU,CLE,,,,,8,OF/UTIL
61809-53593,OF,Patrick,Patrick Kivlehan,Kivlehan,5.720000076293945,5,2000,SD@ATL,SD,ATL,,,,,0,OF/UTIL
61809-151924,SS,Luis,Luis Marte,Marte,3.0999999046325684,4,2000,MIA@WSH,MIA,WSH,,,,,0,SS/UTIL
61809-84405,OF,John,John Andreoli,Andreoli,2.1999999455043246,7,2000,SD@ATL,SD,ATL,,,,,0,OF/UTIL
61809-82414,OF,Victor,Victor Reyes,Reyes,4.635714394705636,28,2000,TEX@DET,DET,TEX,,,,,8,OF/UTIL
61809-84471,OF,Nick,Nick Martini,Martini,1.5749999682108562,12,2000,CHC@STL,CHC,STL,,,,,0,OF/UTIL
61809-96764,OF,Jonathan,Jonathan Davis,Davis,3.5346938152702485,49,2000,BOS@TOR,TOR,BOS,,,,,0,OF/UTIL
61809-145921,OF,Ka'ai,Ka'ai Tom,Tom,4.604166666666667,48,2000,PIT@ARI,PIT,ARI,IL,Back,,,0,OF/UTIL
61809-12863,1B/3B,Todd,Todd Frazier,Frazier,3.8923075749323917,13,2000,PIT@ARI,PIT,ARI,,,,,0,C/1B/3B/UTIL
61809-72264,SS,Max,Max Moroff,Moroff,1.0833333333333333,6,2000,CHC@STL,STL,CHC,IL,Shoulder,,,0,SS/UTIL
61809-80459,OF,Franchy,Franchy Cordero,Cordero,4.7735295015222885,34,2000,BOS@TOR,BOS,TOR,,,,,0,OF/UTIL
61809-150096,2B,Ivan,Ivan Castillo,Castillo,3.1666666666666665,3,2000,SD@ATL,SD,ATL,,,,,0,2B/UTIL
61809-53844,3B,Matt,Matt Duffy,Duffy,6.636842024953742,38,2000,CHC@STL,CHC,STL,IL,Back,,,0,3B/UTIL
61809-119412,SS,Owen,Owen Miller,Miller,2.1705883250517,17,2000,CLE@HOU,CLE,HOU,,,,,0,SS/UTIL
61809-17025,2B/3B,Joe,Joe Panik,Panik,5.070908979936079,55,2000,MIA@WSH,MIA,WSH,,,,,6,2B/3B/UTIL
61809-82566,1B,Tyler,Tyler Nevin,Nevin,4.5,2,2000,BAL@TB,BAL,TB,,,,,0,C/1B/UTIL
61809-119439,C,Sam,Sam Huff,Huff,10.5,10,2000,TEX@DET,TEX,DET,,,,,0,C/1B/UTIL
61809-82574,SS,Isaac,Isaac Paredes,Paredes,5.969230651855469,13,2000,TEX@DET,DET,TEX,,,,,0,SS/UTIL
61809-119444,C,Alejandro,Alejandro Kirk,Kirk,7.376470677992877,17,2000,BOS@TOR,TOR,BOS,IL,Hip,,,0,C/1B/UTIL
61809-82585,OF,Khalil,Khalil Lee,Lee,1.4454545107754795,11,2000,NYM@CIN,NYM,CIN,,,,,0,OF/UTIL
61809-84655,OF,Stevie,Stevie Wilkerson,Wilkerson,3.0620690707502694,29,2000,BAL@TB,BAL,TB,,,,,0,OF/UTIL
61809-82606,OF,Monte,Monte Harrison,Harrison,0.375,8,2000,MIA@WSH,MIA,WSH,,,,,8,OF/UTIL
61809-82609,1B,Lewin,Lewin Diaz,Diaz,4.009090770374645,11,2000,MIA@WSH,MIA,WSH,,,,,0,C/1B/UTIL
61809-21172,3B,Brandon,Brandon Drury,Drury,3.016000061035156,25,2000,NYM@CIN,NYM,CIN,,,,,0,3B/UTIL
61809-82613,SS,Thairo,Thairo Estrada,Estrada,6.320000203450521,15,2000,SF@LAD,SF,LAD,,,,,,SS/UTIL
61809-82617,2B/SS,Andres,Andres Gimenez,Gimenez,5.5344827586206895,29,2000,CLE@HOU,CLE,HOU,,,,,0,2B/SS/UTIL
61809-82616,SS,Luis,Luis Guillorme,Guillorme,3.6466668023003472,45,2000,NYM@CIN,NYM,CIN,,,,,8,SS/UTIL
61809-12988,C,Robinson,Robinson Chirinos,Chirinos,6.2000002179827005,7,2000,CHC@STL,CHC,STL,,,,,0,C/1B/UTIL
61809-17086,OF,Marcell,Marcell Ozuna,Ozuna,8.733333587646484,48,2000,SD@ATL,ATL,SD,IL,Finger,,,0,OF/UTIL
61809-17096,SS,Wilfredo,Wilfredo Tovar,Tovar,2.0833333333333335,6,2000,NYM@CIN,NYM,CIN,,,,,0,SS/UTIL
61809-13009,C,Austin,Austin Romine,Romine,2.116666634877523,6,2000,CHC@STL,CHC,STL,IL,Wrist,,,0,C/1B/UTIL
61809-17105,C,Sandy,Sandy Leon,Leon,3.5320001220703126,50,2000,MIA@WSH,MIA,WSH,,,,,0,C/1B/UTIL
61809-82646,OF,Justin,Justin Williams,Williams,4.264705882352941,51,2000,CHC@STL,STL,CHC,,,,,0,OF/UTIL
61809-21212,OF,Mason,Mason Williams,Williams,3.4176469690659466,17,2000,NYM@CIN,NYM,CIN,,,,,0,OF/UTIL
61809-82659,3B,Carter,Carter Kieboom,Kieboom,1.5,2,2000,MIA@WSH,WSH,MIA,IL,Knee,,,0,3B/UTIL
61809-82661,OF,Daniel,Daniel Johnson,Johnson,4.637499809265137,8,2000,CLE@HOU,CLE,HOU,,,,,9,OF/UTIL
61809-82660,2B,Luis,Luis Garcia,Garcia,3.0545453158291904,11,2000,MIA@WSH,WSH,MIA,,,,,0,2B/UTIL
61809-148210,OF,Cody,Cody Wilson,Wilson,0,1,2000,MIA@WSH,WSH,MIA,,,,,0,OF/UTIL
61809-146160,2B/SS,Ha-Seong,Ha-Seong Kim,Kim,5.654666748046875,75,2000,SD@ATL,SD,ATL,,,,,0,2B/SS/UTIL
61809-54049,2B,Aledmys,Aledmys Diaz,Diaz,8.552940817440257,34,2000,CLE@HOU,HOU,CLE,IL,Hand,,,0,2B/UTIL
61809-13098,C,Rene,Rene Rivera,Rivera,5.986956389054008,23,2000,MIA@WSH,WSH,MIA,,,,,0,C/1B/UTIL
61809-13099,C,Travis,Travis d'Arnaud,d'Arnaud,6.543478260869565,23,2000,SD@ATL,ATL,SD,IL,Thumb,,,0,C/1B/UTIL
61809-54080,OF,Austin,Austin Dean,Dean,4.738889058430989,18,2000,CHC@STL,STL,CHC,IL,Undisclosed,,,0,OF/UTIL
61809-82824,1B,Mike,Mike Ford,Ford,5.622727134011009,22,2000,BAL@TB,TB,BAL,,,,,0,C/1B/UTIL
61809-68492,C,Chance,Chance Sisco,Sisco,3.621739263119905,23,2000,NYM@CIN,NYM,CIN,,,,,0,C/1B/UTIL
61809-68499,3B/OF,Johan,Johan Camargo,Camargo,0.6133333206176758,15,2000,SD@ATL,ATL,SD,,,,,0,3B/OF/UTIL
61809-68513,SS,Alex,Alex Blandino,Blandino,3.3093023965525075,43,2000,NYM@CIN,CIN,NYM,IL,Hand,,,0,SS/UTIL
61809-70574,OF,Jared,Jared Hoying,Hoying,0,2,2000,BOS@TOR,TOR,BOS,,,,,0,OF/UTIL
61809-68538,2B,Franklin,Franklin Barreto,Barreto,1.8095238095238095,21,2000,LAA@OAK,LAA,OAK,IL,Elbow,,,0,2B/UTIL
61809-68546,SS,Jose,Jose Rondon,Rondon,2.3846153846153846,26,2000,CHC@STL,STL,CHC,,,,,0,SS/UTIL
61809-52171,C,Kevin,Kevin Plawecki,Plawecki,4.175000054495675,28,2000,BOS@TOR,BOS,TOR,,,,,9,C/1B/UTIL
61809-80847,OF,Mike,Mike Tauchman,Tauchman,5.174242424242424,66,2000,SF@LAD,SF,LAD,,,,,,OF/UTIL
61809-80853,OF,Dustin,Dustin Fowler,Fowler,3.2555554707845054,18,2000,PIT@ARI,PIT,ARI,IL,Undisclosed,,,0,OF/UTIL
61809-5077,OF,Dexter,Dexter Fowler,Fowler,5.2999997820172995,7,2000,LAA@OAK,LAA,OAK,IL,Knee,,,0,OF/UTIL
61809-80852,2B,Ildemaro,Ildemaro Vargas,Vargas,3.28,25,2000,PIT@ARI,ARI,PIT,,,,,0,2B/UTIL
61809-52182,C,Reese,Reese McGuire,McGuire,5.023255813953488,43,2000,BOS@TOR,TOR,BOS,,,,,9,C/1B/UTIL
61809-5104,3B,Pablo,Pablo Sandoval,Sandoval,2.9274193548387095,62,2000,SD@ATL,ATL,SD,,,,,0,3B/UTIL
61809-68593,2B/OF,Jorge,Jorge Mateo,Mateo,3.314814814814815,54,2000,SD@ATL,SD,ATL,,,,,0,2B/OF/UTIL
61809-68594,OF,Anthony,Anthony Alford,Alford,3.0363637750799004,11,2000,PIT@ARI,PIT,ARI,,,,,0,OF/UTIL
61809-5122,C,Alex,Alex Avila,Avila,6.033333460489909,24,2000,MIA@WSH,WSH,MIA,IL,Calf,,,0,C/1B/UTIL
61809-97291,2B,Harold,Harold Castro,Castro,5.898077157827524,52,2000,TEX@DET,DET,TEX,,,,,7,2B/UTIL
61809-11311,C,Drew,Drew Butera,Butera,2.7250000635782876,12,2000,LAA@OAK,LAA,OAK,,,,,0,C/1B/UTIL
61809-13363,C,Ryan,Ryan Lavarnway,Lavarnway,4.550000190734863,4,2000,CLE@HOU,CLE,HOU,,,,,0,C/1B/UTIL
61809-148547,OF,Scott,Scott Hurst,Hurst,0,7,2000,CHC@STL,STL,CHC,,,,,0,OF/UTIL
61809-11344,C,Jason,Jason Castro,Castro,6.029729894689612,37,2000,CLE@HOU,HOU,CLE,,,,,0,C/1B/UTIL
61809-154711,OF,Lars,Lars Nootbaar,Nootbaar,3.990909229625355,11,2000,CHC@STL,STL,CHC,,,,,0,OF/UTIL
61809-13407,C,Bryan,Bryan Holaday,Holaday,2.066666603088379,3,2000,PIT@ARI,ARI,PIT,,,,,8,C/1B/UTIL
61809-83051,2B/3B,David,David Bote,Bote,6.667347187898597,49,2000,CHC@STL,CHC,STL,IL,Shoulder,,,0,2B/3B/UTIL
61809-38004,C,Austin,Austin Hedges,Hedges,4.797777642144097,45,2000,CLE@HOU,CLE,HOU,,,,,0,C/1B/UTIL
61809-5282,C,Jeff,Jeff Mathis,Mathis,0,4,2000,SD@ATL,ATL,SD,,,,,0,C/1B/UTIL
61809-38074,OF,Corey,Corey Dickerson,Dickerson,7.0225805467174895,62,2000,BOS@TOR,TOR,BOS,IL,Foot,,,0,OF/UTIL
61809-5311,C,Kurt,Kurt Suzuki,Suzuki,4.965909090909091,44,2000,LAA@OAK,LAA,OAK,,,,,6,C/1B/UTIL
61809-38087,3B,Deven,Deven Marrero,Marrero,0,1,2000,MIA@WSH,MIA,WSH,,,,,0,3B/UTIL
61809-13516,C,Stephen,Stephen Vogt,Vogt,6.411320524395637,53,2000,SD@ATL,ATL,SD,,,,,6,C/1B/UTIL
61809-60636,OF,Derek,Derek Hill,Hill,8.972726995294744,11,2000,TEX@DET,DET,TEX,,,,,0,OF/UTIL
61809-83173,C,Jose,Jose Trevino,Trevino,4.987036810980903,54,2000,TEX@DET,TEX,DET,IL,Forearm,,,0,C/1B/UTIL
61809-83177,C,Grayson,Grayson Greiner,Greiner,4.478571483067104,14,2000,TEX@DET,DET,TEX,,,,,0,C/1B/UTIL
61809-60649,C,Alex,Alex Jackson,Jackson,2.4399999618530273,10,2000,SD@ATL,ATL,SD,IL,Hamstring,,,0,C/1B/UTIL
61809-109803,C,Austin,Austin Nola,Nola,7.350000169542101,18,2000,SD@ATL,SD,ATL,IL,Knee,,,0,C/1B/UTIL
61809-79087,1B/2B,Michael,Michael Chavis,Chavis,5.372727134011009,22,2000,BOS@TOR,BOS,TOR,,,,,0,C/1B/2B/UTIL
61809-38127,C,Tony,Tony Wolters,Wolters,2.3999998910086497,14,2000,CHC@STL,CHC,STL,,,,,0,C/1B/UTIL
61809-83191,C,Austin,Austin Wynns,Wynns,7.087500095367432,16,2000,BAL@TB,BAL,TB,,,,,0,C/1B/UTIL
61809-79108,2B/OF,Nick,Nick Senzel,Senzel,6.808333502875434,36,2000,NYM@CIN,CIN,NYM,IL,Knee,,,0,2B/OF/UTIL
61809-85254,C,Joey,Joey Bart,Bart,6.349999904632568,2,2000,SF@LAD,SF,LAD,,,,,,C/1B/UTIL
61809-79113,C,Francisco,Francisco Mejia,Mejia,6.204166412353516,48,2000,BAL@TB,TB,BAL,,,,,0,C/1B/UTIL
61809-79112,3B,Yu,Yu Chang,Chang,4.11020395707111,49,2000,CLE@HOU,CLE,HOU,,,,,0,3B/UTIL
61809-5390,2B,Robinson,Robinson Cano,Cano,9.951020532724808,49,2000,NYM@CIN,NYM,CIN,NA,Suspension,,,0,2B/UTIL
61809-79128,C,Garrett,Garrett Stubbs,Stubbs,3.5250000953674316,8,2000,CLE@HOU,HOU,CLE,,,,,0,C/1B/UTIL
61809-85274,OF,DJ,DJ Stewart,Stewart,6.9569232647235575,65,2000,BAL@TB,BAL,TB,,,,,0,OF/UTIL
61809-79138,2B,Jonathan,Jonathan Arauz,Arauz,6.224999904632568,4,2000,BOS@TOR,BOS,TOR,,,,,0,2B/UTIL
61809-85284,3B,Jacob,Jacob Wilson,Wilson,0,2,2000,LAA@OAK,OAK,LAA,,,,,,3B/UTIL
61809-85287,2B,Kean,Kean Wong,Wong,3.1526316592567847,19,2000,LAA@OAK,LAA,OAK,,,,,0,2B/UTIL
61809-62780,SS,Wilmer,Wilmer Difo,Difo,4.72982466848273,57,2000,PIT@ARI,PIT,ARI,,,,,7,SS/UTIL
61809-85320,C,Michael,Michael Perez,Perez,5.699999925566883,41,2000,PIT@ARI,PIT,ARI,,,,,0,C/1B/UTIL
61809-79178,2B,Isan,Isan Diaz,Diaz,4.9282050499549275,39,2000,MIA@WSH,MIA,WSH,,,,,0,2B/UTIL
61809-79189,2B,Travis,Travis Blankenhorn,Blankenhorn,3.8428570883614674,14,2000,NYM@CIN,NYM,CIN,,,,,0,2B/UTIL
61809-79202,2B,Max,Max Schrock,Schrock,5.924999872843425,12,2000,NYM@CIN,CIN,NYM,,,,,0,2B/UTIL
61809-79204,SS,Richie,Richie Martin,Martin,,,2000,BAL@TB,BAL,TB,IL,Wrist,,,0,SS/UTIL
61809-118120,C,Jonah,Jonah Heim,Heim,6.214893746883311,47,2000,TEX@DET,TEX,DET,,,,,5,C/1B/UTIL
61809-79219,SS,Cole,Cole Tucker,Tucker,1.6692308279184194,13,2000,PIT@ARI,PIT,ARI,,,,,0,SS/UTIL
61809-79223,1B/OF,Josh,Josh Naylor,Naylor,6.932352851418888,68,2000,CLE@HOU,CLE,HOU,IL,Ankle,,,0,C/1B/OF/UTIL
61809-13687,3B/SS,Jordy,Jordy Mercer,Mercer,4.022857230050223,35,2000,MIA@WSH,WSH,MIA,,,,,0,3B/SS/UTIL
61809-13694,1B/2B,Marwin,Marwin Gonzalez,Gonzalez,6.065714372907366,70,2000,BOS@TOR,BOS,TOR,IL,Hamstring,,,0,C/1B/2B/UTIL
61809-79231,3B,Will,Will Craig,Craig,5.305555555555555,18,2000,PIT@ARI,PIT,ARI,,,,,0,3B/UTIL
61809-38276,OF,Albert,Albert Almora Jr.,Almora Jr.,0.6625000238418579,32,2000,NYM@CIN,NYM,CIN,,,,,0,OF/UTIL
61809-79240,C,Aramis,Aramis Garcia,Garcia,4.109677468576739,31,2000,LAA@OAK,OAK,LAA,,,,,,C/1B/UTIL
61809-79247,2B/SS,Edmundo,Edmundo Sosa,Sosa,5.079999796549479,60,2000,CHC@STL,STL,CHC,,,,,0,2B/SS/UTIL
61809-79248,OF,Magneuris,Magneuris Sierra,Sierra,2.8805554707845054,72,2000,MIA@WSH,MIA,WSH,,,,,0,OF/UTIL
61809-79263,OF,Leody,Leody Taveras,Taveras,3.0600001017252603,15,2000,TEX@DET,TEX,DET,,,,,0,OF/UTIL
61809-79262,1B,Ronald,Ronald Guzman,Guzman,3.1000001089913503,7,2000,TEX@DET,TEX,DET,IL,Knee,,,0,C/1B/UTIL
61809-79267,2B,Andy,Andy Ibanez,Ibanez,4.06923088660607,26,2000,TEX@DET,TEX,DET,,,,,0,2B/UTIL
61809-118181,1B/3B,Taylor,Taylor Jones,Jones,3.871428716750372,21,2000,CLE@HOU,HOU,CLE,,,,,0,C/1B/3B/UTIL
61809-101796,OF,Braden,Braden Bishop,Bishop,0.7749999761581421,8,2000,SF@LAD,SF,LAD,,,,,,OF/UTIL
61809-118189,C,Ali,Ali Sanchez,Sanchez,6,1,2000,CHC@STL,STL,CHC,,,,,0,C/1B/UTIL
61809-79279,OF,Andrew,Andrew Stevenson,Stevenson,3.8636363636363638,55,2000,MIA@WSH,WSH,MIA,,,,,6,OF/UTIL
61809-118193,OF,Nick,Nick Heath,Heath,2.154999923706055,20,2000,PIT@ARI,ARI,PIT,,,,,0,OF/UTIL
61809-118204,OF,Ryan,Ryan McKenna,McKenna,3.0977776421440972,45,2000,BAL@TB,BAL,TB,,,,,7,OF/UTIL
61809-118211,3B,Kevin,Kevin Padlo,Padlo,1.6888888676961262,9,2000,BAL@TB,TB,BAL,,,,,0,3B/UTIL
61809-101833,OF,Luis,Luis Barrera,Barrera,0.75,4,2000,LAA@OAK,OAK,LAA,,,,,,OF/UTIL
61809-101832,OF,Skye,Skye Bolt,Bolt,1.9960000610351563,25,2000,LAA@OAK,OAK,LAA,,,,,,OF/UTIL
61809-101835,C,Austin,Austin Allen,Allen,9.350000381469727,2,2000,LAA@OAK,OAK,LAA,,,,,,C/1B/UTIL
61809-101837,OF,Jason,Jason Martin,Martin,3.2160000610351562,25,2000,TEX@DET,TEX,DET,,,,,9,OF/UTIL
61809-118227,OF,Jorge,Jorge Ona,Ona,9.319999694824219,5,2000,SD@ATL,SD,ATL,IL,Elbow,,,0,OF/UTIL
61809-101844,OF,Lane,Lane Thomas,Thomas,2.184375047683716,32,2000,CHC@STL,STL,CHC,,,,,0,OF/UTIL
61809-101848,OF,Scott,Scott Heineman,Heineman,3.4473684210526314,19,2000,NYM@CIN,CIN,NYM,,,,,0,OF/UTIL
61809-155109,2B,Alejo,Alejo Lopez,Lopez,2.7333333757188587,9,2000,NYM@CIN,CIN,NYM,,,,,0,2B/UTIL
61809-13851,OF,Danny,Danny Santana,Santana,6.225806451612903,31,2000,BOS@TOR,BOS,TOR,,,,,8,OF/UTIL
61809-118396,OF,Mark,Mark Payton,Payton,1.0166666507720947,24,2000,NYM@CIN,CIN,NYM,,,,,0,OF/UTIL
61809-118398,SS,Vimael,Vimael Machin,Machin,1.5699999809265137,10,2000,LAA@OAK,OAK,LAA,,,,,,SS/UTIL
61809-52878,OF,Billy,Billy McKinney,McKinney,5.579746680923655,79,2000,NYM@CIN,NYM,CIN,,,,,0,OF/UTIL
61809-104085,2B,Josh,Josh VanMeter,VanMeter,4.337499891008649,56,2000,PIT@ARI,ARI,PIT,,,,,7,2B/UTIL
61809-155312,C,Taylor,Taylor Gushue,Gushue,0,2,2000,CHC@STL,CHC,STL,,,,,0,C/1B/UTIL
61809-114357,C,Brian,Brian O'Grady,O'Grady,4.454166730244954,24,2000,SD@ATL,SD,ATL,,,,,0,C/1B/UTIL
61809-38599,OF,Lewis,Lewis Brinson,Brinson,3.6464285169328963,28,2000,MIA@WSH,MIA,WSH,,,,,7,OF/UTIL
61809-11989,OF,Jon,Jon Jay,Jay,4.979999923706055,5,2000,LAA@OAK,LAA,OAK,,,,,0,OF/UTIL
61809-14038,OF,Khris,Khris Davis,Davis,5.3681817488236865,22,2000,TEX@DET,TEX,DET,,,,,0,OF/UTIL
61809-118497,OF,Shogo,Shogo Akiyama,Akiyama,3.4183673469387754,49,2000,NYM@CIN,CIN,NYM,,,,,7,OF/UTIL
61809-110306,SS,Humberto,Humberto Arteaga,Arteaga,3.5,1,2000,MIA@WSH,WSH,MIA,,,,,0,SS/UTIL
61809-5904,1B,Chris,Chris Davis,Davis,3.0687499046325684,16,2000,BAL@TB,BAL,TB,IL,Hip,,,0,C/1B/UTIL
61809-110404,2B/3B,Mike,Mike Brosseau,Brosseau,5.9,55,2000,BAL@TB,TB,BAL,IL,Oblique,,,0,2B/3B/UTIL
61809-104273,C,Anthony,Anthony Bemboom,Bemboom,4.300000190734863,8,2000,LAA@OAK,LAA,OAK,,,,,0,C/1B/UTIL
61809-71508,2B,Mike,Mike Freeman,Freeman,2.86296307599103,27,2000,NYM@CIN,CIN,NYM,,,,,0,2B/UTIL
61809-12123,C,Wilson,Wilson Ramos,Ramos,6.939999825613839,35,2000,CLE@HOU,CLE,HOU,,,,,0,C/1B/UTIL
61809-137070,C,Joseph,Joseph Odom,Odom,0,2,2000,BAL@TB,TB,BAL,,,,,0,C/1B/UTIL
61809-149374,SS,Sean,Sean Kazmar Jr.,Kazmar Jr.,0,3,2000,SD@ATL,ATL,SD,,,,,0,SS/UTIL
61809-6025,C,Jose,Jose Lobaton,Lobaton,1.5333333015441895,6,2000,CHC@STL,CHC,STL,IL,Shoulder,,,0,C/1B/UTIL
61809-102285,OF,Cristian,Cristian Pache,Pache,3.5545453158291904,22,2000,SD@ATL,ATL,SD,,,,,0,OF/UTIL
61809-79756,OF,Ronald,Ronald Acuna Jr.,Acuna Jr.,14.870732005049543,82,2000,SD@ATL,ATL,SD,IL,Knee,,,0,OF/UTIL
61809-102284,C,William,William Contreras,Contreras,7.437778049045139,45,2000,SD@ATL,ATL,SD,,,,,0,C/1B/UTIL
61809-102295,OF,Stuart,Stuart Fairchild,Fairchild,1.3428570883614677,7,2000,PIT@ARI,ARI,PIT,,,,,0,OF/UTIL
61809-6047,OF,Cameron,Cameron Maybin,Maybin,3.3777777353922525,9,2000,NYM@CIN,NYM,CIN,,,,,0,OF/UTIL
61809-81869,C,Chad,Chad Wallach,Wallach,4.161904834565663,21,2000,MIA@WSH,MIA,WSH,,,,,0,C/1B/UTIL
61809-12237,C,Jonathan,Jonathan Lucroy,Lucroy,6.7000002179827005,7,2000,SD@ATL,ATL,SD,,,,,0,C/1B/UTIL
61809-24529,OF,Rafael,Rafael Ortega,Ortega,4.288888719346788,36,2000,CHC@STL,CHC,STL,,,,,7,OF/UTIL
61809-102358,SS,Jose,Jose Devers,Devers,4.328571501232329,21,2000,MIA@WSH,MIA,WSH,IL,Shoulder,,,0,SS/UTIL